Station_Office_Code,Station_Code,Potential_ICAO,Station_Name,Report_Header,Dummy to deal with carriage returns
ABQ,CAO,KCAO,Clayton,WEATHER ITEM   OBSERVED TIME   RECORD YEAR NORMAL DEPARTURE,crap
ABQ,ROW,KROW,Roswell,WEATHER ITEM   OBSERVED TIME   RECORD YEAR NORMAL DEPARTURE,crap
ABR,8D3,K8D3,Sisseton Airport,WEATHER ITEM   OBSERVED TIME   RECORD YEAR NORMAL DEPARTURE LAST,crap
ABR,ABR,KABR,Aberdeen Regional Airport,WEATHER ITEM   OBSERVED TIME   RECORD YEAR NORMAL DEPARTURE LAST,crap
ABR,ATY,KATY,Watertown Regional Airport,WEATHER ITEM   OBSERVED TIME   RECORD YEAR NORMAL DEPARTURE LAST,crap
ABR,HON,KHON,Huron Regional Airport,WEATHER ITEM   OBSERVED TIME   RECORD YEAR NORMAL DEPARTURE LAST,crap
ABR,MBG,KMBG,Mobridge Airport,WEATHER ITEM   OBSERVED TIME   RECORD YEAR NORMAL DEPARTURE LAST,crap
ABR,PIR,KPIR,Pierre Regional Airport,WEATHER ITEM   OBSERVED TIME   RECORD YEAR NORMAL DEPARTURE LAST,crap
AKQ,WAL,KWAL,WALLOPS ISLAND,WEATHER ITEM   OBSERVED TIME   RECORD YEAR NORMAL DEPARTURE,crap
AKQ,ECG,KECG,ELIZABETH CITY,WEATHER ITEM   OBSERVED TIME   RECORD YEAR NORMAL DEPARTURE LAST,crap
AKQ,ORF,KORF,NORFOLK,WEATHER ITEM   OBSERVED TIME   RECORD YEAR NORMAL DEPARTURE LAST,crap
AKQ,RIC,KRIC,RICHMOND,WEATHER ITEM   OBSERVED TIME   RECORD YEAR NORMAL DEPARTURE LAST,crap
AKQ,SBY,KSBY,SALISBURY,WEATHER ITEM   OBSERVED TIME   RECORD YEAR NORMAL DEPARTURE LAST,crap
ALY,DDH,KDDH,Bennington VT,WEATHER ITEM   OBSERVED TIME   NORMAL DEPARTURE LAST,crap
ALY,PSF,KPSF,Pittsfield MA,WEATHER ITEM   OBSERVED TIME   NORMAL DEPARTURE LAST,crap
ALY,ALB,KALB,Albany NY,WEATHER ITEM   OBSERVED TIME   RECORD YEAR NORMAL DEPARTURE LAST,crap
ALY,GFL,KGFL,Glens Falls NY,WEATHER ITEM   OBSERVED TIME   RECORD YEAR NORMAL DEPARTURE LAST,crap
ALY,POU,KPOU,Poughkeepsie NY,WEATHER ITEM   OBSERVED TIME   RECORD YEAR NORMAL DEPARTURE LAST,crap
AMA,AMA,KAMA,Amarillo,WEATHER ITEM   OBSERVED TIME   RECORD YEAR NORMAL DEPARTURE LAST,crap
AMA,BGD,KBGD,Borger,WEATHER ITEM   OBSERVED TIME   RECORD YEAR NORMAL DEPARTURE LAST,crap
AMA,DHT,KDHT,Dalhart,WEATHER ITEM   OBSERVED TIME   RECORD YEAR NORMAL DEPARTURE LAST,crap
AMA,GUY,KGUY,Guymon,WEATHER ITEM   OBSERVED TIME   RECORD YEAR NORMAL DEPARTURE LAST,crap
APX,ANJ,KANJ,Sault Ste. Marie,WEATHER ITEM   OBSERVED TIME   RECORD YEAR NORMAL DEPARTURE LAST,crap
APX,APN,KAPN,Alpena,WEATHER ITEM   OBSERVED TIME   RECORD YEAR NORMAL DEPARTURE LAST,crap
APX,HTL,KHTL,Houghton Lake,WEATHER ITEM   OBSERVED TIME   RECORD YEAR NORMAL DEPARTURE LAST,crap
APX,TVC,KTVC,Traverse City,WEATHER ITEM   OBSERVED TIME   RECORD YEAR NORMAL DEPARTURE LAST,crap
BGM,AVP,KAVP,Scranton/Wilkes-Barre,WEATHER ITEM   OBSERVED TIME   RECORD YEAR NORMAL DEPARTURE LAST,crap
BGM,BGM,KBGM,Binghamton,WEATHER ITEM   OBSERVED TIME   RECORD YEAR NORMAL DEPARTURE LAST,crap
BGM,SYR,KSYR,Syracuse,WEATHER ITEM   OBSERVED TIME   RECORD YEAR NORMAL DEPARTURE LAST,crap
BIS,BIS,KBIS,Bismarck,WEATHER ITEM   OBSERVED TIME   RECORD YEAR NORMAL DEPARTURE LAST,crap
BIS,DIK,KDIK,Dickinson,WEATHER ITEM   OBSERVED TIME   RECORD YEAR NORMAL DEPARTURE LAST,crap
BIS,ISN,KISN,Williston,WEATHER ITEM   OBSERVED TIME   RECORD YEAR NORMAL DEPARTURE LAST,crap
BIS,JMS,KJMS,Jamestown,WEATHER ITEM   OBSERVED TIME   RECORD YEAR NORMAL DEPARTURE LAST,crap
BIS,MOT,KMOT,Minot,WEATHER ITEM   OBSERVED TIME   RECORD YEAR NORMAL DEPARTURE LAST,crap
BMX,ANB,KANB,Anniston,WEATHER ITEM   OBSERVED TIME   RECORD YEAR NORMAL DEPARTURE LAST,crap
BMX,BHM,KBHM,Birmingham,WEATHER ITEM   OBSERVED TIME   RECORD YEAR NORMAL DEPARTURE LAST,crap
BMX,EET,KEET,Shelby County Airport,WEATHER ITEM   OBSERVED TIME   RECORD YEAR NORMAL DEPARTURE LAST,crap
BMX,MGM,KMGM,Montgomery,WEATHER ITEM   OBSERVED TIME   RECORD YEAR NORMAL DEPARTURE LAST,crap
BMX,TCL,KTCL,Tuscaloosa,WEATHER ITEM   OBSERVED TIME   RECORD YEAR NORMAL DEPARTURE LAST,crap
BMX,TOI,KTOI,Troy,WEATHER ITEM   OBSERVED TIME   RECORD YEAR NORMAL DEPARTURE LAST,crap
BOI,MUO,KMUO,Mountain Home,WEATHER ITEM   OBSERVED RECORD YEAR NORMAL DEPARTURE,crap
BOI,REO,KREO,Rome,WEATHER ITEM   OBSERVED TIME   NORMAL DEPARTURE LAST,crap
BOI,TWF,KTWF,Twin Falls,WEATHER ITEM   OBSERVED TIME   NORMAL DEPARTURE LAST,crap
BOI,BOI,KBOI,Boise,WEATHER ITEM   OBSERVED TIME   RECORD YEAR NORMAL  LAST,crap
BOI,BKE,KBKE,Baker City,WEATHER ITEM   OBSERVED TIME   RECORD YEAR NORMAL DEPARTURE LAST,crap
BOI,JER,KJER,Jerome,WEATHER ITEM   OBSERVED TIME   RECORD YEAR NORMAL DEPARTURE LAST,crap
BOI,MYL,KMYL,McCall,WEATHER ITEM   OBSERVED TIME   RECORD YEAR NORMAL DEPARTURE LAST,crap
BOI,ONO,KONO,Ontario,WEATHER ITEM   OBSERVED TIME   RECORD YEAR NORMAL DEPARTURE LAST,crap
BOU,LIC,KLIC,Limon,WEATHER ITEM   OBSERVED NORMAL DEPARTURE LAST,crap
BOU,APA,KAPA,Centennial,WEATHER ITEM   OBSERVED RECORD YEAR NORMAL DEPARTURE LAST,crap
BOU,AKO,KAKO,Akron,WEATHER ITEM   OBSERVED TIME   RECORD YEAR NORMAL DEPARTURE LAST,crap
BOU,DEN,KDEN,Denver,WEATHER ITEM   OBSERVED TIME   RECORD YEAR NORMAL DEPARTURE LAST,crap
BOX,BDL,KBDL,Hartford (Bradley Airport),WEATHER ITEM   OBSERVED TIME   RECORD YEAR NORMAL DEPARTURE LAST,crap
BOX,BOS,KBOS,Boston (Logan Airport),WEATHER ITEM   OBSERVED TIME   RECORD YEAR NORMAL DEPARTURE LAST,crap
BOX,ORH,KORH,Worcester,WEATHER ITEM   OBSERVED TIME   RECORD YEAR NORMAL DEPARTURE LAST,crap
BOX,PVD,KPVD,Providence( T.F. Green Airport),WEATHER ITEM   OBSERVED TIME   RECORD YEAR NORMAL DEPARTURE LAST,crap
BRO,BRO,KBRO,Brownsville Intl Airport,WEATHER ITEM   OBSERVED TIME   RECORD YEAR NORMAL DEPARTURE LAST,crap
BRO,HRL,KHRL,Harlingen Intl Airport,WEATHER ITEM   OBSERVED TIME   RECORD YEAR NORMAL DEPARTURE LAST,crap
BRO,MFE,KMFE,McAllen Miller Intl Airport,WEATHER ITEM   OBSERVED TIME   RECORD YEAR NORMAL DEPARTURE LAST,crap
BTV,MVL,KMVL,Morrisville,WEATHER ITEM   OBSERVED TIME   NORMAL DEPARTURE LAST,crap
BTV,PBG,KPBG,Plattsburgh,WEATHER ITEM   OBSERVED TIME   NORMAL DEPARTURE LAST,crap
BTV,RUT,KRUT,Rutland,WEATHER ITEM   OBSERVED TIME   NORMAL DEPARTURE LAST,crap
BTV,SLK,KSLK,Saranac Lake,WEATHER ITEM   OBSERVED TIME   NORMAL DEPARTURE LAST,crap
BTV,VSF,KVSF,Springfield,WEATHER ITEM   OBSERVED TIME   NORMAL DEPARTURE LAST,crap
BTV,1V4,K1V4,St. Johnsbury,WEATHER ITEM   OBSERVED TIME   RECORD YEAR NORMAL DEPARTURE LAST,crap
BTV,BTV,KBTV,Burlington,WEATHER ITEM   OBSERVED TIME   RECORD YEAR NORMAL DEPARTURE LAST,crap
BTV,MPV,KMPV,Montpelier,WEATHER ITEM   OBSERVED TIME   RECORD YEAR NORMAL DEPARTURE LAST,crap
BTV,MSS,KMSS,Massena,WEATHER ITEM   OBSERVED TIME   RECORD YEAR NORMAL DEPARTURE LAST,crap
BUF,ART,KART,Watertown,WEATHER ITEM   OBSERVED TIME   RECORD YEAR NORMAL DEPARTURE LAST,crap
BUF,BUF,KBUF,Buffalo,WEATHER ITEM   OBSERVED TIME   RECORD YEAR NORMAL DEPARTURE LAST,crap
BUF,ROC,KROC,Rochester,WEATHER ITEM   OBSERVED TIME   RECORD YEAR NORMAL DEPARTURE LAST,crap
BYZ,BIL,KBIL,Billings,WEATHER ITEM   OBSERVED RECORD YEAR NORMAL DEPARTURE LAST,crap
BYZ,LVM,KLVM,Livingston,WEATHER ITEM   OBSERVED TIME   RECORD YEAR NORMAL DEPARTURE LAST,crap
BYZ,MLS,KMLS,Miles City,WEATHER ITEM   OBSERVED TIME   RECORD YEAR NORMAL DEPARTURE LAST,crap
BYZ,SHR,KSHR,Sheridan,WEATHER ITEM   OBSERVED TIME   RECORD YEAR NORMAL DEPARTURE LAST,crap
CAE,CUB,KCUB,Hamilton-Owens Airport,WEATHER ITEM   OBSERVED TIME   NORMAL DEPARTURE LAST,crap
CAE,DNL,KDNL,Augusta Daniel Field,WEATHER ITEM   OBSERVED TIME   NORMAL DEPARTURE LAST,crap
CAE,OGB,KOGB,Orangeburg Airport,WEATHER ITEM   OBSERVED TIME   NORMAL DEPARTURE LAST,crap
CAE,AGS,KAGS,Augusta Regional Bush Field,WEATHER ITEM   OBSERVED TIME   RECORD YEAR NORMAL DEPARTURE LAST,crap
CAE,CAE,KCAE,Columbia Metro Airport,WEATHER ITEM   OBSERVED TIME   RECORD YEAR NORMAL DEPARTURE LAST,crap
CAR,BGR,KBGR,Bangor,WEATHER ITEM   OBSERVED TIME   RECORD YEAR NORMAL DEPARTURE LAST,crap
CAR,CAR,KCAR,Caribou,WEATHER ITEM   OBSERVED TIME   RECORD YEAR NORMAL DEPARTURE LAST,crap
CAR,FVE,KFVE,Frenchville,WEATHER ITEM   OBSERVED TIME   RECORD YEAR NORMAL DEPARTURE LAST,crap
CAR,HUL,KHUL,Houlton,WEATHER ITEM   OBSERVED TIME   RECORD YEAR NORMAL DEPARTURE LAST,crap
CAR,MLT,KMLT,Millinocket,WEATHER ITEM   OBSERVED TIME   RECORD YEAR NORMAL DEPARTURE LAST,crap
CHS,CXM,KCXM,Downtown Charleston,WEATHER ITEM   OBSERVED TIME   RECORD YEAR NORMAL DEPARTURE,crap
CHS,CHS,KCHS,Charleston,WEATHER ITEM   OBSERVED TIME   RECORD YEAR NORMAL DEPARTURE LAST,crap
CHS,SAV,KSAV,Savannah,WEATHER ITEM   OBSERVED TIME   RECORD YEAR NORMAL DEPARTURE LAST,crap
CLE,CAK,KCAK,Akron/Canton,WEATHER ITEM   OBSERVED TIME   RECORD YEAR NORMAL DEPARTURE LAST,crap
CLE,CLE,KCLE,Cleveland,WEATHER ITEM   OBSERVED TIME   RECORD YEAR NORMAL DEPARTURE LAST,crap
CLE,ERI,KERI,Erie,WEATHER ITEM   OBSERVED TIME   RECORD YEAR NORMAL DEPARTURE LAST,crap
CLE,MFD,KMFD,Mansfield,WEATHER ITEM   OBSERVED TIME   RECORD YEAR NORMAL DEPARTURE LAST,crap
CLE,TOL,KTOL,Toledo,WEATHER ITEM   OBSERVED TIME   RECORD YEAR NORMAL DEPARTURE LAST,crap
CLE,YNG,KYNG,Youngstown,WEATHER ITEM   OBSERVED TIME   RECORD YEAR NORMAL DEPARTURE LAST,crap
CRP,CRP,KCRP,Corpus Christi,WEATHER ITEM   OBSERVED TIME   RECORD YEAR NORMAL DEPARTURE LAST,crap
CRP,VCT,KVCT,Victoria,WEATHER ITEM   OBSERVED TIME   RECORD YEAR NORMAL DEPARTURE LAST,crap
CTP,AOO,KAOO,Altoona,WEATHER ITEM   OBSERVED TIME   RECORD YEAR NORMAL DEPARTURE LAST,crap
CTP,BFD,KBFD,Bradford,WEATHER ITEM   OBSERVED TIME   RECORD YEAR NORMAL DEPARTURE LAST,crap
CTP,IPT,KIPT,Williamsport,WEATHER ITEM   OBSERVED TIME   RECORD YEAR NORMAL DEPARTURE LAST,crap
CTP,JST,KJST,Johnstown,WEATHER ITEM   OBSERVED TIME   RECORD YEAR NORMAL DEPARTURE LAST,crap
CTP,MDT,KMDT,Harrisburg,WEATHER ITEM   OBSERVED TIME   RECORD YEAR NORMAL DEPARTURE LAST,crap
CYS,AIA,KAIA,Alliance,WEATHER ITEM   OBSERVED TIME   RECORD YEAR NORMAL DEPARTURE LAST,crap
CYS,BFF,KBFF,Scottsbluff,WEATHER ITEM   OBSERVED TIME   RECORD YEAR NORMAL DEPARTURE LAST,crap
CYS,CDR,KCDR,Chadron,WEATHER ITEM   OBSERVED TIME   RECORD YEAR NORMAL DEPARTURE LAST,crap
CYS,CYS,KCYS,Cheyenne,WEATHER ITEM   OBSERVED TIME   RECORD YEAR NORMAL DEPARTURE LAST,crap
CYS,DGW,KDGW,Douglas,WEATHER ITEM   OBSERVED TIME   RECORD YEAR NORMAL DEPARTURE LAST,crap
CYS,LAR,KLAR,Laramie,WEATHER ITEM   OBSERVED TIME   RECORD YEAR NORMAL DEPARTURE LAST,crap
CYS,RWL,KRWL,Rawlins,WEATHER ITEM   OBSERVED TIME   RECORD YEAR NORMAL DEPARTURE LAST,crap
CYS,SNY,KSNY,Sidney,WEATHER ITEM   OBSERVED TIME   RECORD YEAR NORMAL DEPARTURE LAST,crap
CYS,TOR,KTOR,Torrington,WEATHER ITEM   OBSERVED TIME   RECORD YEAR NORMAL DEPARTURE LAST,crap
DDC,DGC,KDGC,DODGE CITY,WEATHER ITEM   OBSERVED TIME   RECORD YEAR NORMAL DEPARTURE LAST,crap
DDC,GCK,KGCK,GARDEN CITY,WEATHER ITEM   OBSERVED TIME   RECORD YEAR NORMAL DEPARTURE LAST,crap
DDC,P28,KP28,MEDICINE LODGE,WEATHER ITEM   OBSERVED TIME   RECORD YEAR NORMAL DEPARTURE LAST,crap
DLH,DLH,KDLH,Duluth,WEATHER ITEM   OBSERVED TIME   RECORD YEAR NORMAL DEPARTURE LAST,crap
DLH,EAU,KEAU,Eau Claire,WEATHER ITEM   OBSERVED TIME   RECORD YEAR NORMAL DEPARTURE LAST,crap
DLH,FGF,KFGF,Grand Forks,WEATHER ITEM   OBSERVED TIME   RECORD YEAR NORMAL DEPARTURE LAST,crap
DLH,GRB,KGRB,Green Bay,WEATHER ITEM   OBSERVED TIME   RECORD YEAR NORMAL DEPARTURE LAST,crap
DLH,INL,KINL,International Fall,WEATHER ITEM   OBSERVED TIME   RECORD YEAR NORMAL DEPARTURE LAST,crap
DLH,MPX,KMPX,Chanhassen,WEATHER ITEM   OBSERVED TIME   RECORD YEAR NORMAL DEPARTURE LAST,crap
DLH,MSP,KMSP,Minneapolis,WEATHER ITEM   OBSERVED TIME   RECORD YEAR NORMAL DEPARTURE LAST,crap
DLH,STC,KSTC,St Cloud,WEATHER ITEM   OBSERVED TIME   RECORD YEAR NORMAL DEPARTURE LAST,crap
DMX,ALO,KALO,Waterloo,WEATHER ITEM   OBSERVED TIME   RECORD YEAR NORMAL DEPARTURE LAST,crap
DMX,AMW,KAMW,Ames,WEATHER ITEM   OBSERVED TIME   RECORD YEAR NORMAL DEPARTURE LAST,crap
DMX,DSM,KDSM,Des Moines,WEATHER ITEM   OBSERVED TIME   RECORD YEAR NORMAL DEPARTURE LAST,crap
DMX,EST,KEST,Estherville,WEATHER ITEM   OBSERVED TIME   RECORD YEAR NORMAL DEPARTURE LAST,crap
DMX,LWD,KLWD,Lamoni,WEATHER ITEM   OBSERVED TIME   RECORD YEAR NORMAL DEPARTURE LAST,crap
DMX,MCW,KMCW,Mason City,WEATHER ITEM   OBSERVED TIME   RECORD YEAR NORMAL DEPARTURE LAST,crap
DMX,MIW,KMIW,Marshalltown,WEATHER ITEM   OBSERVED TIME   RECORD YEAR NORMAL DEPARTURE LAST,crap
DMX,OTM,KOTM,Ottumwa,WEATHER ITEM   OBSERVED TIME   RECORD YEAR NORMAL DEPARTURE LAST,crap
DTX,MBS,KMBS,Saginaw,WEATHER ITEM   OBSERVED TIME   NORMAL DEPARTURE LAST,crap
DTX,DTW,KDTW,Detroit,WEATHER ITEM   OBSERVED TIME   RECORD YEAR NORMAL DEPARTURE LAST,crap
DTX,FNT,KFNT,Flint,WEATHER ITEM   OBSERVED TIME   RECORD YEAR NORMAL DEPARTURE LAST,crap
DVN,BRL,KBRL,Burlington,WEATHER ITEM   OBSERVED TIME   RECORD YEAR NORMAL DEPARTURE LAST,crap
DVN,CID,KCID,Cedar Rapids,WEATHER ITEM   OBSERVED TIME   RECORD YEAR NORMAL DEPARTURE LAST,crap
DVN,DBQ,KDBQ,Dubuque,WEATHER ITEM   OBSERVED TIME   RECORD YEAR NORMAL DEPARTURE LAST,crap
DVN,DVN,KDVN,Davenport,WEATHER ITEM   OBSERVED TIME   RECORD YEAR NORMAL DEPARTURE LAST,crap
DVN,IOW,KIOW,Iowa City,WEATHER ITEM   OBSERVED TIME   RECORD YEAR NORMAL DEPARTURE LAST,crap
DVN,MLI,KMLI,Moline,WEATHER ITEM   OBSERVED TIME   RECORD YEAR NORMAL DEPARTURE LAST,crap
EAX,DMO,KDMO,Sedalia,WEATHER ITEM   OBSERVED TIME   NORMAL DEPARTURE LAST,crap
EAX,IRK,KIRK,Kirksville,WEATHER ITEM   OBSERVED TIME   NORMAL DEPARTURE LAST,crap
EAX,OJC,KOJC,Johnson County (KS) Executive,WEATHER ITEM   OBSERVED TIME   NORMAL DEPARTURE LAST,crap
EAX,MCI,KMCI,Kansas City,WEATHER ITEM   OBSERVED TIME   RECORD YEAR NORMAL DEPARTURE LAST,crap
EAX,STJ,KSTJ,St Joseph,WEATHER ITEM   OBSERVED TIME   RECORD YEAR NORMAL DEPARTURE LAST,crap
EKA,RDD,KRDD,Redding,WEATHER ITEM   OBSERVED RECORD YEAR NORMAL DEPARTURE LAST,crap
EKA,EKA,KEKA,Eureka,WEATHER ITEM   OBSERVED RECORD YEAR NORMAL DEPARTURE LAST,crap
EKA,CEC,KCEC,Crescent City,WEATHER ITEM   OBSERVED TIME   RECORD YEAR NORMAL DEPARTURE LAST,crap
EKA,UKI,KUKI,Ukiah,WEATHER ITEM   OBSERVED TIME   RECORD YEAR NORMAL DEPARTURE LAST,crap
EPZ,ELP,KELP,El Paso International Apt,WEATHER ITEM   OBSERVED TIME   RECORD YEAR NORMAL DEPARTURE LAST,crap
EWX,ATT,KATT,Austin Mabry,WEATHER ITEM   OBSERVED TIME   RECORD YEAR NORMAL DEPARTURE,crap
EWX,AUS,KAUS,Austin Bergstrom International Airp,WEATHER ITEM   OBSERVED TIME   RECORD YEAR NORMAL DEPARTURE,crap
EWX,DRT,KDRT,Del Rio,WEATHER ITEM   OBSERVED TIME   RECORD YEAR NORMAL DEPARTURE,crap
EWX,SAT,KSAT,San Antonio,WEATHER ITEM   OBSERVED TIME   RECORD YEAR NORMAL DEPARTURE,crap
FFC,AHN,KAHN,Athens,WEATHER ITEM   OBSERVED TIME   RECORD YEAR NORMAL DEPARTURE LAST,crap
FFC,ATL,KATL,Atlanta,WEATHER ITEM   OBSERVED TIME   RECORD YEAR NORMAL DEPARTURE LAST,crap
FFC,CSG,KCSG,Columbus,WEATHER ITEM   OBSERVED TIME   RECORD YEAR NORMAL DEPARTURE LAST,crap
FFC,FFC,KFFC,Peachtree City,WEATHER ITEM   OBSERVED TIME   RECORD YEAR NORMAL DEPARTURE LAST,crap
FFC,FTY,KFTY,Fulton County Airport (Georgia),WEATHER ITEM   OBSERVED TIME   RECORD YEAR NORMAL DEPARTURE LAST,crap
FFC,GVL,KGVL,Gainesville,WEATHER ITEM   OBSERVED TIME   RECORD YEAR NORMAL DEPARTURE LAST,crap
FFC,MCN,KMCN,Macon,WEATHER ITEM   OBSERVED TIME   RECORD YEAR NORMAL DEPARTURE LAST,crap
FFC,PDK,KPDK,DeKalb Peachtree Airport (Georgia),WEATHER ITEM   OBSERVED TIME   RECORD YEAR NORMAL DEPARTURE LAST,crap
FFC,RMG,KRMG,Rome,WEATHER ITEM   OBSERVED TIME   RECORD YEAR NORMAL DEPARTURE LAST,crap
FFC,VPC,KVPC,Cartersville,WEATHER ITEM   OBSERVED TIME   RECORD YEAR NORMAL DEPARTURE LAST,crap
FGF,GFK,KGFK,Grand Forks,WEATHER ITEM   OBSERVED TIME   RECORD YEAR NORMAL DEPARTURE LAST,crap
FGZ,FLG,KFLG,Flagstaff,WEATHER ITEM   OBSERVED TIME   RECORD YEAR NORMAL DEPARTURE LAST,crap
FGZ,INW,KINW,Winslow,WEATHER ITEM   OBSERVED TIME   RECORD YEAR NORMAL DEPARTURE LAST,crap
FGZ,PRC,KPRC,Prescott,WEATHER ITEM   OBSERVED TIME   RECORD YEAR NORMAL DEPARTURE LAST,crap
FSD,MHE,KMHE,Mitchell,WEATHER ITEM   OBSERVED TIME   RECORD YEAR NORMAL DEPARTURE LAST,crap
FSD,SUX,KSUX,Sioux City,WEATHER ITEM   OBSERVED TIME   RECORD YEAR NORMAL DEPARTURE LAST,crap
FWD,ACT,KACT,Waco,WEATHER ITEM   OBSERVED TIME   RECORD YEAR NORMAL DEPARTURE LAST,crap
FWD,DFW,KDFW,Dallas/Fort Worth,WEATHER ITEM   OBSERVED TIME   RECORD YEAR NORMAL DEPARTURE LAST,crap
GGW,GGW,KGGW,Glasgow,WEATHER ITEM   OBSERVED TIME   RECORD YEAR NORMAL DEPARTURE LAST,crap
GID,EAR,KEAR,Kearney,WEATHER ITEM   OBSERVED TIME   NORMAL DEPARTURE LAST,crap
GID,ODX,KODX,Ord,WEATHER ITEM   OBSERVED TIME   NORMAL DEPARTURE LAST,crap
GID,GRI,KGRI,Grand Island,WEATHER ITEM   OBSERVED TIME   RECORD YEAR NORMAL DEPARTURE LAST,crap
GID,HSI,KHSI,Hastings,WEATHER ITEM   OBSERVED TIME   RECORD YEAR NORMAL DEPARTURE LAST,crap
GJT,ASE,KASE,Aspen,WEATHER ITEM   OBSERVED TIME   RECORD YEAR NORMAL DEPARTURE LAST,crap
GJT,CAG,KCAG,Craig,WEATHER ITEM   OBSERVED TIME   RECORD YEAR NORMAL DEPARTURE LAST,crap
GJT,CEZ,KCEZ,Cortez,WEATHER ITEM   OBSERVED TIME   RECORD YEAR NORMAL DEPARTURE LAST,crap
GJT,CNY,KCNY,Moab,WEATHER ITEM   OBSERVED TIME   RECORD YEAR NORMAL DEPARTURE LAST,crap
GJT,DRO,KDRO,Durango (airport),WEATHER ITEM   OBSERVED TIME   RECORD YEAR NORMAL DEPARTURE LAST,crap
GJT,EEO,KEEO,Meeker,WEATHER ITEM   OBSERVED TIME   RECORD YEAR NORMAL DEPARTURE LAST,crap
GJT,GJT,KGJT,Grand Junction,WEATHER ITEM   OBSERVED TIME   RECORD YEAR NORMAL DEPARTURE LAST,crap
GJT,MTJ,KMTJ,Montrose,WEATHER ITEM   OBSERVED TIME   RECORD YEAR NORMAL DEPARTURE LAST,crap
GJT,RIL,KRIL,Rifle,WEATHER ITEM   OBSERVED TIME   RECORD YEAR NORMAL DEPARTURE LAST,crap
GJT,SLC,KSLC,Salt Lake City,WEATHER ITEM   OBSERVED TIME   RECORD YEAR NORMAL DEPARTURE LAST,crap
GJT,VEL,KVEL,Vernal,WEATHER ITEM   OBSERVED TIME   RECORD YEAR NORMAL DEPARTURE LAST,crap
GLD,GLD,KGLD,Goodland,WEATHER ITEM   OBSERVED TIME   RECORD YEAR NORMAL DEPARTURE LAST,crap
GLD,HLC,KHLC,Hill City,WEATHER ITEM   OBSERVED TIME   RECORD YEAR NORMAL DEPARTURE LAST,crap
GLD,ITR,KITR,Burlington,WEATHER ITEM   OBSERVED TIME   RECORD YEAR NORMAL DEPARTURE LAST,crap
GLD,MCK,KMCK,McCook,WEATHER ITEM   OBSERVED TIME   RECORD YEAR NORMAL DEPARTURE LAST,crap
GRB,AUW,KAUW,Wausau,WEATHER ITEM   OBSERVED TIME   RECORD YEAR NORMAL DEPARTURE LAST,crap
GRB,LSE,KLSE,La Crosse,WEATHER ITEM   OBSERVED TIME   RECORD YEAR NORMAL DEPARTURE LAST,crap
GRB,MKE,KMKE,Milwaukee,WEATHER ITEM   OBSERVED TIME   RECORD YEAR NORMAL DEPARTURE LAST,crap
GRB,MSN,KMSN,Madison,WEATHER ITEM   OBSERVED TIME   RECORD YEAR NORMAL DEPARTURE LAST,crap
GRB,RHI,KRHI,Rhinelander,WEATHER ITEM   OBSERVED TIME   RECORD YEAR NORMAL DEPARTURE LAST,crap
GRR,AZO,KAZO,Kalamazoo,WEATHER ITEM   OBSERVED TIME   RECORD YEAR NORMAL DEPARTURE LAST,crap
GRR,BIV,KBIV,Holland,WEATHER ITEM   OBSERVED TIME   RECORD YEAR NORMAL DEPARTURE LAST,crap
GRR,BTL,KBTL,Battle Creek,WEATHER ITEM   OBSERVED TIME   RECORD YEAR NORMAL DEPARTURE LAST,crap
GRR,GRR,KGRR,Grand Rapids,WEATHER ITEM   OBSERVED TIME   RECORD YEAR NORMAL DEPARTURE LAST,crap
GRR,JXN,KJXN,Jackson,WEATHER ITEM   OBSERVED TIME   RECORD YEAR NORMAL DEPARTURE LAST,crap
GRR,LAN,KLAN,Lansing,WEATHER ITEM   OBSERVED TIME   RECORD YEAR NORMAL DEPARTURE LAST,crap
GRR,MKG,KMKG,Muskegon,WEATHER ITEM   OBSERVED TIME   RECORD YEAR NORMAL DEPARTURE LAST,crap
GSP,AVL,KAVL,Asheville,WEATHER ITEM   OBSERVED TIME   RECORD YEAR NORMAL DEPARTURE LAST,crap
GSP,CLT,KCLT,Charlotte,WEATHER ITEM   OBSERVED TIME   RECORD YEAR NORMAL DEPARTURE LAST,crap
GSP,GSP,KGSP,Greenville-Spartanburg,WEATHER ITEM   OBSERVED TIME   RECORD YEAR NORMAL DEPARTURE LAST,crap
GYX,AUG,KAUG,Augusta,WEATHER ITEM   OBSERVED TIME   RECORD YEAR NORMAL DEPARTURE LAST,crap
GYX,CON,KCON,Concord,WEATHER ITEM   OBSERVED TIME   RECORD YEAR NORMAL DEPARTURE LAST,crap
GYX,GYX,KGYX,Gray,WEATHER ITEM   OBSERVED TIME   RECORD YEAR NORMAL DEPARTURE LAST,crap
GYX,PWM,KPWM,Portland,WEATHER ITEM   OBSERVED TIME   RECORD YEAR NORMAL DEPARTURE LAST,crap
HGX,CLL,KCLL,College Station,WEATHER ITEM   OBSERVED TIME   RECORD YEAR NORMAL DEPARTURE LAST,crap
HGX,GLS,KGLS,Galveston,WEATHER ITEM   OBSERVED TIME   RECORD YEAR NORMAL DEPARTURE LAST,crap
HGX,HOU,KHOU,Houston,WEATHER ITEM   OBSERVED TIME   RECORD YEAR NORMAL DEPARTURE LAST,crap
HNL,HNL,PHNL,Honolulu International Airport,WEATHER ITEM   OBSERVED TIME   RECORD YEAR NORMAL DEPARTURE LAST,crap
HNL,ITO,PITO,Hilo Airport,WEATHER ITEM   OBSERVED TIME   RECORD YEAR NORMAL DEPARTURE LAST,crap
HNL,LIH,PLIH,Lihue Airport,WEATHER ITEM   OBSERVED TIME   RECORD YEAR NORMAL DEPARTURE LAST,crap
HNL,OGG,POGG,Kahului Airport,WEATHER ITEM   OBSERVED TIME   RECORD YEAR NORMAL DEPARTURE LAST,crap
HNX,BFL,KBFL,Bakersfield,WEATHER ITEM   OBSERVED TIME   RECORD YEAR NORMAL DEPARTURE,crap
HNX,FAT,KFAT,Fresno,WEATHER ITEM   OBSERVED TIME   RECORD YEAR NORMAL DEPARTURE,crap
HNX,HJO,KHJO,Hanford,WEATHER ITEM   OBSERVED TIME   RECORD YEAR NORMAL DEPARTURE,crap
HNX,MAE,KMAE,Madera,WEATHER ITEM   OBSERVED TIME   RECORD YEAR NORMAL DEPARTURE,crap
HNX,MCE,KMCE,Merced,WEATHER ITEM   OBSERVED TIME   RECORD YEAR NORMAL DEPARTURE,crap
HUN,HSV,KHSV,Huntsville Airport,WEATHER ITEM   OBSERVED TIME   RECORD YEAR NORMAL DEPARTURE LAST,crap
HUN,MSL,KMSL,Muscle Shoals Airport,WEATHER ITEM   OBSERVED TIME   RECORD YEAR NORMAL DEPARTURE LAST,crap
ICT,CNU,KCNU,Chanute,WEATHER ITEM   OBSERVED TIME   RECORD YEAR NORMAL DEPARTURE LAST,crap
ICT,SLN,KSLN,Salina,WEATHER ITEM   OBSERVED TIME   RECORD YEAR NORMAL DEPARTURE LAST,crap
ILM,LBT,KLBT,Lumberton,WEATHER ITEM   OBSERVED TIME   NORMAL DEPARTURE LAST,crap
ILM,CRE,KCRE,North Myrtle Beach,WEATHER ITEM   OBSERVED TIME   RECORD YEAR NORMAL DEPARTURE LAST,crap
ILM,FLO,KFLO,Florence,WEATHER ITEM   OBSERVED TIME   RECORD YEAR NORMAL DEPARTURE LAST,crap
ILM,ILM,KILM,Wilmington,WEATHER ITEM   OBSERVED TIME   RECORD YEAR NORMAL DEPARTURE LAST,crap
ILN,CMH,KCMH,Columbus,WEATHER ITEM   OBSERVED TIME   RECORD YEAR NORMAL DEPARTURE LAST,crap
ILN,CVG,KCVG,Cincinnati,WEATHER ITEM   OBSERVED TIME   RECORD YEAR NORMAL DEPARTURE LAST,crap
ILN,DAY,KDAY,Dayton,WEATHER ITEM   OBSERVED TIME   RECORD YEAR NORMAL DEPARTURE LAST,crap
ILX,CMI,KCMI,Champaign Arpt,WEATHER ITEM   OBSERVED TIME   RECORD YEAR NORMAL DEPARTURE LAST,crap
ILX,DEC,KDEC,Decatur Arpt,WEATHER ITEM   OBSERVED TIME   RECORD YEAR NORMAL DEPARTURE LAST,crap
ILX,ILX,KILX,Lincoln,WEATHER ITEM   OBSERVED TIME   RECORD YEAR NORMAL DEPARTURE LAST,crap
ILX,LWV,KLWV,Lawrenceville Arpt,WEATHER ITEM   OBSERVED TIME   RECORD YEAR NORMAL DEPARTURE LAST,crap
ILX,MTO,KMTO,Mattoon Arpt,WEATHER ITEM   OBSERVED TIME   RECORD YEAR NORMAL DEPARTURE LAST,crap
ILX,PIA,KPIA,Peoria,WEATHER ITEM   OBSERVED TIME   RECORD YEAR NORMAL DEPARTURE LAST,crap
ILX,SPI,KSPI,Springfield,WEATHER ITEM   OBSERVED TIME   RECORD YEAR NORMAL DEPARTURE LAST,crap
IND,BMG,KBMG,Bloomington,WEATHER ITEM   OBSERVED TIME   NORMAL DEPARTURE LAST,crap
IND,EYE,KEYE,Indianapolis Eagle Creek,WEATHER ITEM   OBSERVED TIME   NORMAL DEPARTURE LAST,crap
IND,GEZ,KGEZ,Shelbyville,WEATHER ITEM   OBSERVED TIME   NORMAL DEPARTURE LAST,crap
IND,HUF,KHUF,Terre Haute,WEATHER ITEM   OBSERVED TIME   NORMAL DEPARTURE LAST,crap
IND,LAF,KLAF,Lafayette,WEATHER ITEM   OBSERVED TIME   NORMAL DEPARTURE LAST,crap
IND,MIE,KMIE,Muncie,WEATHER ITEM   OBSERVED TIME   NORMAL DEPARTURE LAST,crap
IND,IND,KIND,Indianapolis Intl Ap,WEATHER ITEM   OBSERVED TIME   RECORD YEAR NORMAL DEPARTURE LAST,crap
IWX,FWA,KFWA,Fort Wayne,WEATHER ITEM   OBSERVED TIME   RECORD YEAR NORMAL DEPARTURE LAST,crap
IWX,SBN,KSBN,South Bend,WEATHER ITEM   OBSERVED TIME   RECORD YEAR NORMAL DEPARTURE LAST,crap
JAN,GLH,KGLH,Greenville,WEATHER ITEM   OBSERVED TIME   RECORD YEAR NORMAL DEPARTURE LAST,crap
JAN,GWO,KGWO,Greenwood,WEATHER ITEM   OBSERVED TIME   RECORD YEAR NORMAL DEPARTURE LAST,crap
JAN,HBG,KHBG,Hattiesburg,WEATHER ITEM   OBSERVED TIME   RECORD YEAR NORMAL DEPARTURE LAST,crap
JAN,JAN,KJAN,Jackson Intl Apt,WEATHER ITEM   OBSERVED TIME   RECORD YEAR NORMAL DEPARTURE LAST,crap
JAN,MEI,KMEI,Meridian Key Field,WEATHER ITEM   OBSERVED TIME   RECORD YEAR NORMAL DEPARTURE LAST,crap
JAN,TVR,KTVR,Tallulah/Vicksburg,WEATHER ITEM   OBSERVED TIME   RECORD YEAR NORMAL DEPARTURE LAST,crap
JAX,AMG,KAMG,Alma,WEATHER ITEM   OBSERVED TIME   RECORD YEAR NORMAL DEPARTURE LAST,crap
JAX,GNV,KGNV,Gainesville Regional Apt,WEATHER ITEM   OBSERVED TIME   RECORD YEAR NORMAL DEPARTURE LAST,crap
JAX,JAX,KJAX,Jacksonville Intl Apt,WEATHER ITEM   OBSERVED TIME   RECORD YEAR NORMAL DEPARTURE LAST,crap
JAX,SSI,KSSI,Brunswick McKinnon Arpt,WEATHER ITEM   OBSERVED TIME   RECORD YEAR NORMAL DEPARTURE LAST,crap
JKL,JKL,KJKL,Jackson,WEATHER ITEM   OBSERVED TIME   RECORD YEAR NORMAL DEPARTURE LAST,crap
JKL,LOZ,KLOZ,London,WEATHER ITEM   OBSERVED TIME   RECORD YEAR NORMAL DEPARTURE LAST,crap
KEY,MTH,KMTH,Marathon Airport,WEATHER ITEM   OBSERVED TIME   NORMAL DEPARTURE LAST,crap
KEY,EYW,KEYW,Key West Intl Airport,WEATHER ITEM   OBSERVED TIME   RECORD YEAR NORMAL DEPARTURE LAST,crap
LBF,BBW,KBBW,Broken Bow,WEATHER ITEM   OBSERVED TIME   RECORD YEAR NORMAL DEPARTURE LAST,crap
LBF,IML,KIML,Imperial,WEATHER ITEM   OBSERVED TIME   RECORD YEAR NORMAL DEPARTURE LAST,crap
LBF,LBF,KLBF,North Platte,WEATHER ITEM   OBSERVED TIME   RECORD YEAR NORMAL DEPARTURE LAST,crap
LBF,VTN,KVTN,Valentine,WEATHER ITEM   OBSERVED TIME   RECORD YEAR NORMAL DEPARTURE LAST,crap
LCH,AEX,KAEX,Alexandria International Apt,WEATHER ITEM   OBSERVED TIME   RECORD YEAR NORMAL DEPARTURE LAST,crap
LCH,ARA,KARA,New Iberia/Acadiana Regional Airport,WEATHER ITEM   OBSERVED TIME   RECORD YEAR NORMAL DEPARTURE LAST,crap
LCH,BPT,KBPT,Southeast Texas Regional Apt,WEATHER ITEM   OBSERVED TIME   RECORD YEAR NORMAL DEPARTURE LAST,crap
LCH,LCH,KLCH,Lake Charles Regional Apt,WEATHER ITEM   OBSERVED TIME   RECORD YEAR NORMAL DEPARTURE LAST,crap
LCH,LFT,KLFT,Lafayette Regional Apt,WEATHER ITEM   OBSERVED TIME   RECORD YEAR NORMAL DEPARTURE LAST,crap
LIX,BTR,KBTR,Baton Rouge Regional Apt,WEATHER ITEM   OBSERVED TIME   RECORD YEAR NORMAL DEPARTURE LAST,crap
LIX,NEW,KNEW,New Orleans Intl Apt,WEATHER ITEM   OBSERVED TIME   RECORD YEAR NORMAL DEPARTURE LAST,crap
LKN,EKO,KEKO,Elko Airport,WEATHER ITEM   OBSERVED TIME   RECORD YEAR NORMAL DEPARTURE LAST,crap
LKN,ELY,KELY,Ely Airport,WEATHER ITEM   OBSERVED TIME   RECORD YEAR NORMAL DEPARTURE LAST,crap
LKN,P68,KP68,Eureka Airport,WEATHER ITEM   OBSERVED TIME   RECORD YEAR NORMAL DEPARTURE LAST,crap
LKN,TPH,KTPH,Tonopah Airport,WEATHER ITEM   OBSERVED TIME   RECORD YEAR NORMAL DEPARTURE LAST,crap
LKN,WMC,KWMC,Winnemucca Airport,WEATHER ITEM   OBSERVED TIME   RECORD YEAR NORMAL DEPARTURE LAST,crap
LMK,BWG,KBWG,Bowling Green,WEATHER ITEM   OBSERVED TIME   RECORD YEAR NORMAL DEPARTURE LAST,crap
LMK,FFT,KFFT,Frankfort,WEATHER ITEM   OBSERVED TIME   RECORD YEAR NORMAL DEPARTURE LAST,crap
LMK,LEX,KLEX,Lexington,WEATHER ITEM   OBSERVED TIME   RECORD YEAR NORMAL DEPARTURE LAST,crap
LMK,LOU,KLOU,Louisville Bowman Field,WEATHER ITEM   OBSERVED TIME   RECORD YEAR NORMAL DEPARTURE LAST,crap
LMK,SDF,KSDF,Louisville International Airport,WEATHER ITEM   OBSERVED TIME   RECORD YEAR NORMAL DEPARTURE LAST,crap
LOT,LOT,KLOT,WFO Chicago Romeoville,WEATHER ITEM   OBSERVED RECORD YEAR NORMAL DEPARTURE LAST,crap
LOT,ARR,KARR,Aurora,WEATHER ITEM   OBSERVED TIME   RECORD YEAR NORMAL DEPARTURE LAST,crap
LOT,DPA,KDPA,DuPage Airport,WEATHER ITEM   OBSERVED TIME   RECORD YEAR NORMAL DEPARTURE LAST,crap
LOT,MDW,KMDW,Chicago Midway,WEATHER ITEM   OBSERVED TIME   RECORD YEAR NORMAL DEPARTURE LAST,crap
LOT,PWK,KPWK,Chicago Executive Airport,WEATHER ITEM   OBSERVED TIME   RECORD YEAR NORMAL DEPARTURE LAST,crap
LOT,RFD,KRFD,Rockford,WEATHER ITEM   OBSERVED TIME   RECORD YEAR NORMAL DEPARTURE LAST,crap
LOT,UGN,KUGN,Waukegan Airport,WEATHER ITEM   OBSERVED TIME   RECORD YEAR NORMAL DEPARTURE LAST,crap
LOT,VPZ,KVPZ,Valparaiso,WEATHER ITEM   OBSERVED TIME   RECORD YEAR NORMAL DEPARTURE LAST,crap
LOX,WJF,KWJF,Lancaster,WEATHER ITEM   OBSERVED TIME   RECORD YEAR NORMAL DEPARTURE,crap
LOX,BUR,KBUR,Bob Hope Airport (BUR),WEATHER ITEM   OBSERVED TIME   RECORD YEAR NORMAL DEPARTURE LAST,crap
LOX,CMA,KCMA,Camarillo/Oxnard,WEATHER ITEM   OBSERVED TIME   RECORD YEAR NORMAL DEPARTURE LAST,crap
LOX,CQT,KCQT,Downtown Los Angeles,WEATHER ITEM   OBSERVED TIME   RECORD YEAR NORMAL DEPARTURE LAST,crap
LOX,LAX,KLAX,Los Angeles Airport,WEATHER ITEM   OBSERVED TIME   RECORD YEAR NORMAL DEPARTURE LAST,crap
LOX,LGB,KLGB,Long Beach Airport,WEATHER ITEM   OBSERVED TIME   RECORD YEAR NORMAL DEPARTURE LAST,crap
LOX,PMD,KPMD,Palmdale,WEATHER ITEM   OBSERVED TIME   RECORD YEAR NORMAL DEPARTURE LAST,crap
LOX,PRB,KPRB,Paso Robles,WEATHER ITEM   OBSERVED TIME   RECORD YEAR NORMAL DEPARTURE LAST,crap
LOX,SBA,KSBA,Santa Barbara,WEATHER ITEM   OBSERVED TIME   RECORD YEAR NORMAL DEPARTURE LAST,crap
LOX,SDB,KSDB,Sandberg,WEATHER ITEM   OBSERVED TIME   RECORD YEAR NORMAL DEPARTURE LAST,crap
LOX,SMX,KSMX,Santa Maria,WEATHER ITEM   OBSERVED TIME   RECORD YEAR NORMAL DEPARTURE LAST,crap
LSX,COU,KCOU,Columbia,WEATHER ITEM   OBSERVED TIME   RECORD YEAR NORMAL DEPARTURE LAST,crap
LSX,STL,KSTL,St. Louis,WEATHER ITEM   OBSERVED TIME   RECORD YEAR NORMAL DEPARTURE LAST,crap
LSX,UIN,KUIN,Quincy,WEATHER ITEM   OBSERVED TIME   RECORD YEAR NORMAL DEPARTURE LAST,crap
LUB,CDS,KCDS,Childress Airport,WEATHER ITEM   OBSERVED TIME   RECORD YEAR NORMAL DEPARTURE LAST,crap
LUB,LBB,KLBB,Lubbock International Apt,WEATHER ITEM   OBSERVED TIME   RECORD YEAR NORMAL DEPARTURE LAST,crap
LWX,BWI,KBWI,BWI,WEATHER ITEM   OBSERVED TIME   RECORD YEAR NORMAL DEPARTURE LAST,crap
LWX,CHO,KCHO,Charlottesville,WEATHER ITEM   OBSERVED TIME   RECORD YEAR NORMAL DEPARTURE LAST,crap
LWX,DCA,KDCA,National,WEATHER ITEM   OBSERVED TIME   RECORD YEAR NORMAL DEPARTURE LAST,crap
LWX,DMH,KDMH,MD Science Center,WEATHER ITEM   OBSERVED TIME   RECORD YEAR NORMAL DEPARTURE LAST,crap
LWX,HGR,KHGR,Hagerstown,WEATHER ITEM   OBSERVED TIME   RECORD YEAR NORMAL DEPARTURE LAST,crap
LWX,IAD,KIAD,Dulles,WEATHER ITEM   OBSERVED TIME   RECORD YEAR NORMAL DEPARTURE LAST,crap
LWX,MRB,KMRB,Martinsburg,WEATHER ITEM   OBSERVED TIME   RECORD YEAR NORMAL DEPARTURE LAST,crap
LZK,HRO,KHRO,Harrison,WEATHER ITEM   OBSERVED TIME   RECORD YEAR NORMAL DEPARTURE LAST,crap
LZK,LIT,KLIT,Little Rock,WEATHER ITEM   OBSERVED TIME   RECORD YEAR NORMAL DEPARTURE LAST,crap
LZK,LZK,KLZK,North Little Rock,WEATHER ITEM   OBSERVED TIME   RECORD YEAR NORMAL DEPARTURE LAST,crap
LZK,PBF,KPBF,Pine Bluff,WEATHER ITEM   OBSERVED TIME   RECORD YEAR NORMAL DEPARTURE LAST,crap
MAF,MAF,KMAF,Midland International Airport,WEATHER ITEM   OBSERVED TIME   RECORD YEAR NORMAL DEPARTURE LAST,crap
MEG,JBR,KJBR,Jonesboro,WEATHER ITEM   OBSERVED TIME   RECORD YEAR NORMAL DEPARTURE LAST,crap
MEG,MEG,KMEG,WFO Memphis,WEATHER ITEM   OBSERVED TIME   RECORD YEAR NORMAL DEPARTURE LAST,crap
MEG,MEM,KMEM,Memphis Intl Apt,WEATHER ITEM   OBSERVED TIME   RECORD YEAR NORMAL DEPARTURE LAST,crap
MEG,MKL,KMKL,Jackson,WEATHER ITEM   OBSERVED TIME   RECORD YEAR NORMAL DEPARTURE LAST,crap
MEG,TUP,KTUP,Tupelo,WEATHER ITEM   OBSERVED TIME   RECORD YEAR NORMAL DEPARTURE LAST,crap
MFL,APF,KAPF,Naples,WEATHER ITEM   OBSERVED TIME   RECORD YEAR NORMAL DEPARTURE LAST,crap
MFL,FLL,KFLL,Ft Lauderdale - Hollywood,WEATHER ITEM   OBSERVED TIME   RECORD YEAR NORMAL DEPARTURE LAST,crap
MFL,MIA,KMIA,Miami,WEATHER ITEM   OBSERVED TIME   RECORD YEAR NORMAL DEPARTURE LAST,crap
MFL,PBI,KPBI,West Palm Beach,WEATHER ITEM   OBSERVED TIME   RECORD YEAR NORMAL DEPARTURE LAST,crap
MFR,AAT,KAAT,Alturas,WEATHER ITEM   OBSERVED TIME   RECORD YEAR NORMAL DEPARTURE LAST,crap
MFR,LMT,KLMT,Klamath Falls,WEATHER ITEM   OBSERVED TIME   RECORD YEAR NORMAL DEPARTURE LAST,crap
MFR,MFR,KMFR,Medford,WEATHER ITEM   OBSERVED TIME   RECORD YEAR NORMAL DEPARTURE LAST,crap
MFR,MHS,KMHS,Mount Shasta,WEATHER ITEM   OBSERVED TIME   RECORD YEAR NORMAL DEPARTURE LAST,crap
MFR,OTH,KOTH,North Bend,WEATHER ITEM   OBSERVED TIME   RECORD YEAR NORMAL DEPARTURE LAST,crap
MFR,RBG,KRBG,Roseburg,WEATHER ITEM   OBSERVED TIME   RECORD YEAR NORMAL DEPARTURE LAST,crap
MFR,SIY,KSIY,Montague,WEATHER ITEM   OBSERVED TIME   RECORD YEAR NORMAL DEPARTURE LAST,crap
MHX,EWN,KEWN,New Bern,WEATHER ITEM   OBSERVED TIME   RECORD YEAR NORMAL DEPARTURE LAST,crap
MHX,HSE,KHSE,Cape Hatteras,WEATHER ITEM   OBSERVED TIME   RECORD YEAR NORMAL DEPARTURE LAST,crap
MKX,ORD,KORD,Chicago,WEATHER ITEM   OBSERVED TIME   RECORD YEAR NORMAL DEPARTURE LAST,crap
MLB,DAB,KDAB,Daytona Beach,WEATHER ITEM   OBSERVED TIME   RECORD YEAR NORMAL DEPARTURE LAST,crap
MLB,MCO,KMCO,Orlando,WEATHER ITEM   OBSERVED TIME   RECORD YEAR NORMAL DEPARTURE LAST,crap
MLB,MLB,KMLB,Melbourne,WEATHER ITEM   OBSERVED TIME   RECORD YEAR NORMAL DEPARTURE LAST,crap
MLB,VRB,KVRB,Vero Beach,WEATHER ITEM   OBSERVED TIME   RECORD YEAR NORMAL DEPARTURE LAST,crap
MOB,MOB,KMOB,Mobile Regional Apt,WEATHER ITEM   OBSERVED TIME   RECORD YEAR NORMAL DEPARTURE LAST,crap
MOB,PNS,KPNS,Pensacola Regional Apt,WEATHER ITEM   OBSERVED TIME   RECORD YEAR NORMAL DEPARTURE LAST,crap
MPX,FAR,KFAR,Fargo,WEATHER ITEM   OBSERVED TIME   RECORD YEAR NORMAL DEPARTURE LAST,crap
MPX,FSD,KFSD,Sioux Falls,WEATHER ITEM   OBSERVED TIME   RECORD YEAR NORMAL DEPARTURE LAST,crap
MPX,RST,KRST,Rochester,WEATHER ITEM   OBSERVED TIME   RECORD YEAR NORMAL DEPARTURE LAST,crap
MQT,MQT,KMQT,Marquette NWS,WEATHER ITEM   OBSERVED RECORD YEAR NORMAL DEPARTURE LAST,crap
MRX,CHA,KCHA,Chattanooga Apt,WEATHER ITEM   OBSERVED TIME   RECORD YEAR NORMAL DEPARTURE LAST,crap
MRX,TRI,KTRI,Tri-Cities Apt,WEATHER ITEM   OBSERVED TIME   RECORD YEAR NORMAL DEPARTURE LAST,crap
MRX,TYS,KTYS,Knoxville Apt,WEATHER ITEM   OBSERVED TIME   RECORD YEAR NORMAL DEPARTURE LAST,crap
MSO,BTM,KBTM,Butte,WEATHER ITEM   OBSERVED RECORD YEAR NORMAL,crap
MSO,GPI,KGPI,Kalispell,WEATHER ITEM   OBSERVED RECORD YEAR NORMAL,crap
MSO,MSO,KMSO,Missoula,WEATHER ITEM   OBSERVED RECORD YEAR NORMAL,crap
MTR,APC,KAPC,Napa Airport,WEATHER ITEM   OBSERVED TIME   RECORD YEAR NORMAL DEPARTURE LAST,crap
MTR,CCR,KCCR,Concord Airport,WEATHER ITEM   OBSERVED TIME   RECORD YEAR NORMAL DEPARTURE LAST,crap
MTR,HWD,KHWD,Hayward Airport,WEATHER ITEM   OBSERVED TIME   RECORD YEAR NORMAL DEPARTURE LAST,crap
MTR,LVK,KLVK,Livermore Airport,WEATHER ITEM   OBSERVED TIME   RECORD YEAR NORMAL DEPARTURE LAST,crap
MTR,MRY,KMRY,Monterey Airport,WEATHER ITEM   OBSERVED TIME   RECORD YEAR NORMAL DEPARTURE LAST,crap
MTR,NUQ,KNUQ,Moffett Field,WEATHER ITEM   OBSERVED TIME   RECORD YEAR NORMAL DEPARTURE LAST,crap
MTR,OAK,KOAK,Oakland Airport,WEATHER ITEM   OBSERVED TIME   RECORD YEAR NORMAL DEPARTURE LAST,crap
MTR,SFD,KSFD,Downtown San Francisco,WEATHER ITEM   OBSERVED TIME   RECORD YEAR NORMAL DEPARTURE LAST,crap
MTR,SFO,KSFO,San Francisco Airport,WEATHER ITEM   OBSERVED TIME   RECORD YEAR NORMAL DEPARTURE LAST,crap
MTR,SJC,KSJC,San Jose,WEATHER ITEM   OBSERVED TIME   RECORD YEAR NORMAL DEPARTURE LAST,crap
MTR,SNS,KSNS,Salinas Airport,WEATHER ITEM   OBSERVED TIME   RECORD YEAR NORMAL DEPARTURE LAST,crap
MTR,STS,KSTS,Santa Rosa Airport,WEATHER ITEM   OBSERVED TIME   RECORD YEAR NORMAL DEPARTURE LAST,crap
MTR,WVI,KWVI,Watsonville Airport,WEATHER ITEM   OBSERVED TIME   RECORD YEAR NORMAL DEPARTURE LAST,crap
OAX,OAX,KOAX,Valley,WEATHER ITEM   OBSERVED TIME   NORMAL DEPARTURE LAST,crap
OAX,LNK,KLNK,Lincoln,WEATHER ITEM   OBSERVED TIME   RECORD YEAR NORMAL DEPARTURE LAST,crap
OAX,OFK,KOFK,Norfolk,WEATHER ITEM   OBSERVED TIME   RECORD YEAR NORMAL DEPARTURE LAST,crap
OAX,OMA,KOMA,Omaha,WEATHER ITEM   OBSERVED TIME   RECORD YEAR NORMAL DEPARTURE LAST,crap
OHX,BNA,KBNA,Nashville Intl Apt,WEATHER ITEM   OBSERVED TIME   RECORD YEAR NORMAL DEPARTURE,crap
OHX,CSV,KCSV,Crossville,WEATHER ITEM   OBSERVED TIME   RECORD YEAR NORMAL DEPARTURE,crap
OKX,BDR,KBDR,Bridgeport CT,WEATHER ITEM   OBSERVED TIME   RECORD YEAR NORMAL DEPARTURE LAST,crap
OKX,EWR,KEWR,Newark NJ,WEATHER ITEM   OBSERVED TIME   RECORD YEAR NORMAL DEPARTURE LAST,crap
OKX,ISP,KISP,Islip NY,WEATHER ITEM   OBSERVED TIME   RECORD YEAR NORMAL DEPARTURE LAST,crap
OKX,JFK,KJFK,JFK Arpt NY,WEATHER ITEM   OBSERVED TIME   RECORD YEAR NORMAL DEPARTURE LAST,crap
OKX,LGA,KLGA,LaGuardia NY,WEATHER ITEM   OBSERVED TIME   RECORD YEAR NORMAL DEPARTURE LAST,crap
OKX,NYC,KNYC,Central Park NY,WEATHER ITEM   OBSERVED TIME   RECORD YEAR NORMAL DEPARTURE LAST,crap
OTX,DEW,KDEW,Deer Park,WEATHER ITEM   OBSERVED TIME   RECORD YEAR NORMAL DEPARTURE LAST,crap
OTX,EAT,KEAT,Wenatchee,WEATHER ITEM   OBSERVED TIME   RECORD YEAR NORMAL DEPARTURE LAST,crap
OTX,EPH,KEPH,Ephrata,WEATHER ITEM   OBSERVED TIME   RECORD YEAR NORMAL DEPARTURE LAST,crap
OTX,GEG,KGEG,Spokane,WEATHER ITEM   OBSERVED TIME   RECORD YEAR NORMAL DEPARTURE LAST,crap
OTX,LWS,KLWS,Lewiston,WEATHER ITEM   OBSERVED TIME   RECORD YEAR NORMAL DEPARTURE LAST,crap
OTX,MWH,KMWH,Moses Lake,WEATHER ITEM   OBSERVED TIME   RECORD YEAR NORMAL DEPARTURE LAST,crap
OTX,OMK,KOMK,Omak,WEATHER ITEM   OBSERVED TIME   RECORD YEAR NORMAL DEPARTURE LAST,crap
OTX,OTX,KOTX,Spokane (NWS Office),WEATHER ITEM   OBSERVED TIME   RECORD YEAR NORMAL DEPARTURE LAST,crap
OTX,PUW,KPUW,Pullman,WEATHER ITEM   OBSERVED TIME   RECORD YEAR NORMAL DEPARTURE LAST,crap
OTX,SFF,KSFF,Felts Field,WEATHER ITEM   OBSERVED TIME   RECORD YEAR NORMAL DEPARTURE LAST,crap
OUN,OKC,KOKC,Oklahoma City Will Rogers Apt,WEATHER ITEM   OBSERVED TIME   RECORD YEAR NORMAL DEPARTURE LAST,crap
OUN,SPS,KSPS,Wichita Falls Sheppard Field,WEATHER ITEM   OBSERVED TIME   RECORD YEAR NORMAL DEPARTURE LAST,crap
PAFC,ANC,PANC,Anchorage,WEATHER ITEM   OBSERVED RECORD YEAR NORMAL DEPARTURE LAST,crap
PAFC,BET,PBET,Bethel,WEATHER ITEM   OBSERVED TIME    RECORD YEAR NORMAL DEPARTURE LAST,crap
PAFC,CDB,PCDB,Cold Bay,WEATHER ITEM   OBSERVED TIME    RECORD YEAR NORMAL DEPARTURE LAST,crap
PAFG,YAK,PYAK,Yakutat,WEATHER ITEM   OBSERVED TIME    RECORD YEAR NORMAL DEPARTURE LAST,crap
PAFG,ADQ,PADQ,Kodiak,WEATHER ITEM   OBSERVED TIME    RECORD YEAR NORMAL DEPARTURE LAST,crap
PAFG,AKN,PAKN,King Salmon,WEATHER ITEM   OBSERVED TIME    RECORD YEAR NORMAL DEPARTURE LAST,crap
PAFG,ANN,PANN,Annette,WEATHER ITEM   OBSERVED TIME    RECORD YEAR NORMAL DEPARTURE LAST,crap
PAFG,BRW,PBRW,Barrow,WEATHER ITEM   OBSERVED TIME    RECORD YEAR NORMAL DEPARTURE LAST,crap
PAFG,MCG,PMCG,McGrath,WEATHER ITEM   OBSERVED TIME    RECORD YEAR NORMAL DEPARTURE LAST,crap
PAFG,OME,POME,Nome,WEATHER ITEM   OBSERVED TIME    RECORD YEAR NORMAL DEPARTURE LAST,crap
PAFG,OTZ,POTZ,Kotzebue,WEATHER ITEM   OBSERVED TIME    RECORD YEAR NORMAL DEPARTURE LAST,crap
PAFG,FAI,PFAI,Faribanks,WEATHER ITEM   OBSERVED TIME   RECORD YEAR NORMAL DEPARTURE LAST,crap
PAH,CGI,KCGI,Cape Girardeau,WEATHER ITEM   OBSERVED TIME   RECORD YEAR NORMAL DEPARTURE LAST,crap
PAH,EVV,KEVV,Evansville,WEATHER ITEM   OBSERVED TIME   RECORD YEAR NORMAL DEPARTURE LAST,crap
PAH,PAH,KPAH,Paducah,WEATHER ITEM   OBSERVED TIME   RECORD YEAR NORMAL DEPARTURE LAST,crap
PAJK,JNU,KJNU,Juneau,WEATHER ITEM   OBSERVED TIME   RECORD YEAR NORMAL DEPARTURE LAST,crap
PBZ,DUJ,KDUJ,Dubois,WEATHER ITEM   OBSERVED TIME   RECORD YEAR NORMAL DEPARTURE LAST,crap
PBZ,HLG,KHLG,Wheeling,WEATHER ITEM   OBSERVED TIME   RECORD YEAR NORMAL DEPARTURE LAST,crap
PBZ,MGW,KMGW,Morgantown,WEATHER ITEM   OBSERVED TIME   RECORD YEAR NORMAL DEPARTURE LAST,crap
PBZ,PHD,KPHD,New Philadelphia,WEATHER ITEM   OBSERVED TIME   RECORD YEAR NORMAL DEPARTURE LAST,crap
PBZ,PIT,KPIT,Pittsburgh,WEATHER ITEM   OBSERVED TIME   RECORD YEAR NORMAL DEPARTURE LAST,crap
PBZ,ZZV,KZZV,Zanesville,WEATHER ITEM   OBSERVED TIME   RECORD YEAR NORMAL DEPARTURE LAST,crap
PDT,PDT,KPDT,Pendleton,WEATHER ITEM   OBSERVED TIME   RECORD YEAR NORMAL DEPARTURE LAST,crap
PDT,PSC,KPSC,Pasco,WEATHER ITEM   OBSERVED TIME   RECORD YEAR NORMAL DEPARTURE LAST,crap
PDT,RDM,KRDM,Redmond,WEATHER ITEM   OBSERVED TIME   RECORD YEAR NORMAL DEPARTURE LAST,crap
PDT,YKM,KYKM,Yakima,WEATHER ITEM   OBSERVED TIME   RECORD YEAR NORMAL DEPARTURE LAST,crap
PHI,ABE,KABE,Allentown,WEATHER ITEM   OBSERVED TIME   RECORD YEAR NORMAL DEPARTURE LAST,crap
PHI,ACY,KACY,Atlantic City,WEATHER ITEM   OBSERVED TIME   RECORD YEAR NORMAL DEPARTURE LAST,crap
PHI,GED,KGED,Georgetown,WEATHER ITEM   OBSERVED TIME   RECORD YEAR NORMAL DEPARTURE LAST,crap
PHI,ILG,KILG,Wilmington,WEATHER ITEM   OBSERVED TIME   RECORD YEAR NORMAL DEPARTURE LAST,crap
PHI,MPO,KMPO,Mount Pocono,WEATHER ITEM   OBSERVED TIME   RECORD YEAR NORMAL DEPARTURE LAST,crap
PHI,PHL,KPHL,Philadelphia,WEATHER ITEM   OBSERVED TIME   RECORD YEAR NORMAL DEPARTURE LAST,crap
PHI,RDG,KRDG,Reading,WEATHER ITEM   OBSERVED TIME   RECORD YEAR NORMAL DEPARTURE LAST,crap
PHI,TTN,KTTN,Trenton,WEATHER ITEM   OBSERVED TIME   RECORD YEAR NORMAL DEPARTURE LAST,crap
PIH,BYI,KBYI,Burley,WEATHER ITEM   OBSERVED TIME   RECORD YEAR NORMAL DEPARTURE LAST,crap
PIH,IDA,KIDA,Idaho Falls,WEATHER ITEM   OBSERVED TIME   RECORD YEAR NORMAL DEPARTURE LAST,crap
PIH,LLJ,KLLJ,Challis,WEATHER ITEM   OBSERVED TIME   RECORD YEAR NORMAL DEPARTURE LAST,crap
PIH,PIH,KPIH,Pocatello,WEATHER ITEM   OBSERVED TIME   RECORD YEAR NORMAL DEPARTURE LAST,crap
PIH,RXE,KRXE,Rexburg,WEATHER ITEM   OBSERVED TIME   RECORD YEAR NORMAL DEPARTURE LAST,crap
PIH,SNT,KSNT,Stanley,WEATHER ITEM   OBSERVED TIME   RECORD YEAR NORMAL DEPARTURE LAST,crap
PQR,TTD,KTTD,Troutdale,WEATHER ITEM   OBSERVED TIME   NORMAL DEPARTURE LAST,crap
PQR,AST,KAST,Astoria,WEATHER ITEM   OBSERVED TIME   RECORD YEAR NORMAL DEPARTURE LAST,crap
PQR,EUG,KEUG,Eugene,WEATHER ITEM   OBSERVED TIME   RECORD YEAR NORMAL DEPARTURE LAST,crap
PQR,HIO,KHIO,Hillsboro,WEATHER ITEM   OBSERVED TIME   RECORD YEAR NORMAL DEPARTURE LAST,crap
PQR,MMV,KMMV,McMinnville,WEATHER ITEM   OBSERVED TIME   RECORD YEAR NORMAL DEPARTURE LAST,crap
PQR,PDX,KPDX,Portland,WEATHER ITEM   OBSERVED TIME   RECORD YEAR NORMAL DEPARTURE LAST,crap
PQR,SLE,KSLE,Salem,WEATHER ITEM   OBSERVED TIME   RECORD YEAR NORMAL DEPARTURE LAST,crap
PQR,VUO,KVUO,Vancouver,WEATHER ITEM   OBSERVED TIME   RECORD YEAR NORMAL DEPARTURE LAST,crap
PSR,NYL,KNYL,Yuma,WEATHER ITEM   OBSERVED TIME   RECORD YEAR NORMAL DEPARTURE LAST,crap
PSR,PHX,KPHX,Phoenix,WEATHER ITEM   OBSERVED TIME   RECORD YEAR NORMAL DEPARTURE LAST,crap
PUB,LAA,KLAA,Lamar,WEATHER ITEM   OBSERVED TIME   NORMAL DEPARTURE LAST,crap
PUB,LHX,KLHX,La Junta,WEATHER ITEM   OBSERVED TIME   NORMAL DEPARTURE LAST,crap
PUB,LXV,KLXV,Leadville,WEATHER ITEM   OBSERVED TIME   NORMAL DEPARTURE LAST,crap
PUB,SPD,KSPD,Springfield,WEATHER ITEM   OBSERVED TIME   NORMAL DEPARTURE LAST,crap
PUB,TAD,KTAD,Trinidad,WEATHER ITEM   OBSERVED TIME   NORMAL DEPARTURE LAST,crap
PUB,ALS,KALS,Alamosa,WEATHER ITEM   OBSERVED TIME   RECORD YEAR NORMAL DEPARTURE LAST,crap
PUB,COS,KCOS,Colorado Springs,WEATHER ITEM   OBSERVED TIME   RECORD YEAR NORMAL DEPARTURE LAST,crap
PUB,PUB,KPUB,Pueblo,WEATHER ITEM   OBSERVED TIME   RECORD YEAR NORMAL DEPARTURE LAST,crap
RAH,FAY,KFAY,Fayetteville,WEATHER ITEM   OBSERVED TIME   RECORD YEAR NORMAL DEPARTURE LAST,crap
RAH,GSO,KGSO,Piedmont Triad,WEATHER ITEM   OBSERVED TIME   RECORD YEAR NORMAL DEPARTURE LAST,crap
RAH,RDU,KRDU,Raleigh-Durham,WEATHER ITEM   OBSERVED TIME   RECORD YEAR NORMAL DEPARTURE LAST,crap
REV,RNO,KRNO,Reno,WEATHER ITEM   OBSERVED TIME   RECORD YEAR NORMAL DEPARTURE LAST,crap
REV,TVL,KTVL,South Lake Tahoe,WEATHER ITEM   OBSERVED TIME   RECORD YEAR NORMAL DEPARTURE LAST,crap
RIW,BPI,KBPI,Big Piney,WEATHER ITEM   OBSERVED TIME   RECORD YEAR NORMAL DEPARTURE LAST,crap
RIW,BYG,KBYG,Buffalo,WEATHER ITEM   OBSERVED TIME   RECORD YEAR NORMAL DEPARTURE LAST,crap
RIW,CPR,KCPR,Casper,WEATHER ITEM   OBSERVED TIME   RECORD YEAR NORMAL DEPARTURE LAST,crap
RIW,GEY,KGEY,Greybull,WEATHER ITEM   OBSERVED TIME   RECORD YEAR NORMAL DEPARTURE LAST,crap
RIW,LND,KLND,Lander,WEATHER ITEM   OBSERVED TIME   RECORD YEAR NORMAL DEPARTURE LAST,crap
RIW,P60,KP60,Lake Yellowstone,WEATHER ITEM   OBSERVED TIME   RECORD YEAR NORMAL DEPARTURE LAST,crap
RIW,RIW,KRIW,Riverton,WEATHER ITEM   OBSERVED TIME   RECORD YEAR NORMAL DEPARTURE LAST,crap
RIW,RKS,KRKS,Rock Springs,WEATHER ITEM   OBSERVED TIME   RECORD YEAR NORMAL DEPARTURE LAST,crap
RIW,WRL,KWRL,Worland,WEATHER ITEM   OBSERVED TIME   RECORD YEAR NORMAL DEPARTURE LAST,crap
RLX,BKW,KBKW,Beckley,WEATHER ITEM   OBSERVED TIME   RECORD YEAR NORMAL DEPARTURE LAST,crap
RLX,CRW,KCRW,Charleston,WEATHER ITEM   OBSERVED TIME   RECORD YEAR NORMAL DEPARTURE LAST,crap
RLX,EKN,KEKN,Elkins,WEATHER ITEM   OBSERVED TIME   RECORD YEAR NORMAL DEPARTURE LAST,crap
RLX,HTS,KHTS,Huntington,WEATHER ITEM   OBSERVED TIME   RECORD YEAR NORMAL DEPARTURE LAST,crap
RLX,PKB,KPKB,Parkersburg,WEATHER ITEM   OBSERVED TIME   RECORD YEAR NORMAL DEPARTURE LAST,crap
RNK,LWB,KLWB,Lewisburg,WEATHER ITEM   OBSERVED TIME   RECORD YEAR NORMAL DEPARTURE,crap
RNK,BLF,KBLF,Bluefield,WEATHER ITEM   OBSERVED TIME   RECORD YEAR NORMAL DEPARTURE LAST,crap
RNK,DAN,KDAN,Danville,WEATHER ITEM   OBSERVED TIME   RECORD YEAR NORMAL DEPARTURE LAST,crap
RNK,LYH,KLYH,Lynchburg,WEATHER ITEM   OBSERVED TIME   RECORD YEAR NORMAL DEPARTURE LAST,crap
RNK,RNK,KRNK,Blacksburg,WEATHER ITEM   OBSERVED TIME   RECORD YEAR NORMAL DEPARTURE LAST,crap
RNK,ROA,KROA,Roanoke,WEATHER ITEM   OBSERVED TIME   RECORD YEAR NORMAL DEPARTURE LAST,crap
SEW,BLI,KBLI,Bellingham,WEATHER ITEM   OBSERVED TIME   RECORD YEAR NORMAL DEPARTURE LAST,crap
SEW,HQM,KHQM,Hoquiam,WEATHER ITEM   OBSERVED TIME   RECORD YEAR NORMAL DEPARTURE LAST,crap
SEW,OLM,KOLM,Olympia,WEATHER ITEM   OBSERVED TIME   RECORD YEAR NORMAL DEPARTURE LAST,crap
SEW,SEA,KSEA,Seattle-Tacoma,WEATHER ITEM   OBSERVED TIME   RECORD YEAR NORMAL DEPARTURE LAST,crap
SEW,UIL,KUIL,Quillayute Airport,WEATHER ITEM   OBSERVED TIME   RECORD YEAR NORMAL DEPARTURE LAST,crap
SGF,JLN,KJLN,Joplin,WEATHER ITEM   OBSERVED TIME   RECORD YEAR NORMAL DEPARTURE LAST,crap
SGF,SGF,KSGF,Springfield,WEATHER ITEM   OBSERVED TIME   RECORD YEAR NORMAL DEPARTURE LAST,crap
SGF,UNO,KUNO,West Plains,WEATHER ITEM   OBSERVED TIME   RECORD YEAR NORMAL DEPARTURE LAST,crap
SGF,VIH,KVIH,Vichy/Rolla,WEATHER ITEM   OBSERVED TIME   RECORD YEAR NORMAL DEPARTURE LAST,crap
SGX,SNA,KSNA,John Wayne Airport,WEATHER ITEM   OBSERVED TIME   RECORD YEAR NORMAL DEPARTURE LAST,crap
SGX,CZZ,KCZZ,Campo,WEATHER ITEM   OBSERVED TIME   RECORD YEAR NORMAL DEPARTURE LAST,crap
SGX,FUL,KFUL,Fullerton,WEATHER ITEM   OBSERVED TIME   RECORD YEAR NORMAL DEPARTURE LAST,crap
SGX,OKB,KOKB,Oceanside Airport,WEATHER ITEM   OBSERVED TIME   RECORD YEAR NORMAL DEPARTURE LAST,crap
SGX,ONT,KONT,Ontario,WEATHER ITEM   OBSERVED TIME   RECORD YEAR NORMAL DEPARTURE LAST,crap
SGX,PSP,KPSP,Palm Springs,WEATHER ITEM   OBSERVED TIME   RECORD YEAR NORMAL DEPARTURE LAST,crap
SGX,RAL,KRAL,Riverside,WEATHER ITEM   OBSERVED TIME   RECORD YEAR NORMAL DEPARTURE LAST,crap
SGX,RNM,KRNM,Ramona,WEATHER ITEM   OBSERVED TIME   RECORD YEAR NORMAL DEPARTURE LAST,crap
SGX,SAN,KSAN,San Diego,WEATHER ITEM   OBSERVED TIME   RECORD YEAR NORMAL DEPARTURE LAST,crap
SGX,TRM,KTRM,Thermal,WEATHER ITEM   OBSERVED TIME   RECORD YEAR NORMAL DEPARTURE LAST,crap
SHV,DEQ,KDEQ,DeQueen,WEATHER ITEM   OBSERVED TIME   RECORD YEAR NORMAL DEPARTURE LAST,crap
SHV,ELD,KELD,El Dorado,WEATHER ITEM   OBSERVED TIME   RECORD YEAR NORMAL DEPARTURE LAST,crap
SHV,GGG,KGGG,Longview,WEATHER ITEM   OBSERVED TIME   RECORD YEAR NORMAL DEPARTURE LAST,crap
SHV,LFK,KLFK,Lufkin,WEATHER ITEM   OBSERVED TIME   RECORD YEAR NORMAL DEPARTURE LAST,crap
SHV,MLU,KMLU,Monroe,WEATHER ITEM   OBSERVED TIME   RECORD YEAR NORMAL DEPARTURE LAST,crap
SHV,SHV,KSHV,Shreveport,WEATHER ITEM   OBSERVED TIME   RECORD YEAR NORMAL DEPARTURE LAST,crap
SHV,TXK,KTXK,Texarkana,WEATHER ITEM   OBSERVED TIME   RECORD YEAR NORMAL DEPARTURE LAST,crap
SHV,TYR,KTYR,Tyler,WEATHER ITEM   OBSERVED TIME   RECORD YEAR NORMAL DEPARTURE LAST,crap
SJT,ABI,KABI,Abilene,WEATHER ITEM   OBSERVED TIME   RECORD YEAR NORMAL DEPARTURE LAST,crap
SJT,SJT,KSJT,San Angelo,WEATHER ITEM   OBSERVED TIME   RECORD YEAR NORMAL DEPARTURE LAST,crap
SJU,IST,KIST,Cyril E. King Airport St Thomas,WEATHER ITEM   OBSERVED TIME   RECORD YEAR NORMAL DEPARTURE LAST,crap
SJU,ISX,KISX,Henry E. Rohlsen Airport St Croix,WEATHER ITEM   OBSERVED TIME   RECORD YEAR NORMAL DEPARTURE LAST,crap
SJU,SJU,KSJU,San Juan Area,WEATHER ITEM   OBSERVED TIME   RECORD YEAR NORMAL DEPARTURE LAST,crap
SLC,CDC,KCDC,Cedar City,WEATHER ITEM   OBSERVED TIME   RECORD YEAR NORMAL DEPARTURE LAST,crap
SLC,EVW,KEVW,Evanston,WEATHER ITEM   OBSERVED TIME   RECORD YEAR NORMAL DEPARTURE LAST,crap
STO,MOD,KMOD,Modesto,WEATHER ITEM   OBSERVED TIME   RECORD YEAR NORMAL DEPARTURE LAST,crap
STO,SAC,KSAC,Sacramento Executive,WEATHER ITEM   OBSERVED TIME   RECORD YEAR NORMAL DEPARTURE LAST,crap
STO,SCK,KSCK,Stockton,WEATHER ITEM   OBSERVED TIME   RECORD YEAR NORMAL DEPARTURE LAST,crap
TAE,DHN,KDHN,Dothan,WEATHER ITEM   OBSERVED TIME   NORMAL DEPARTURE LAST,crap
TAE,VLD,KVLD,Valdosta,WEATHER ITEM   OBSERVED TIME   NORMAL DEPARTURE LAST,crap
TAE,AAF,KAAF,Apalachicola,WEATHER ITEM   OBSERVED TIME   RECORD YEAR NORMAL DEPARTURE,crap
TAE,ABY,KABY,Albany,WEATHER ITEM   OBSERVED TIME   RECORD YEAR NORMAL DEPARTURE LAST,crap
TAE,TLH,KTLH,Tallahassee,WEATHER ITEM   OBSERVED TIME   RECORD YEAR NORMAL DEPARTURE LAST,crap
TFX,BZN,KBZN,Bozeman,WEATHER ITEM   OBSERVED TIME   RECORD YEAR NORMAL DEPARTURE,crap
TFX,CTB,KCTB,Cut Bank,WEATHER ITEM   OBSERVED TIME   RECORD YEAR NORMAL DEPARTURE LAST,crap
TFX,DLN,KDLN,Dillon Airport,WEATHER ITEM   OBSERVED TIME   RECORD YEAR NORMAL DEPARTURE LAST,crap
TFX,GTF,KGTF,Great Falls,WEATHER ITEM   OBSERVED TIME   RECORD YEAR NORMAL DEPARTURE LAST,crap
TFX,HLN,KHLN,Helena,WEATHER ITEM   OBSERVED TIME   RECORD YEAR NORMAL DEPARTURE LAST,crap
TFX,HVR,KHVR,Havre,WEATHER ITEM   OBSERVED TIME   RECORD YEAR NORMAL DEPARTURE LAST,crap
TFX,LWT,KLWT,Lewistown,WEATHER ITEM   OBSERVED TIME   RECORD YEAR NORMAL DEPARTURE LAST,crap
TOP,EMP,KEMP,Emporia,WEATHER ITEM   OBSERVED NORMAL DEPARTURE LAST,crap
TOP,LWC,KLWC,Lawrence,WEATHER ITEM   OBSERVED NORMAL DEPARTURE LAST,crap
TOP,MHK,KMHK,Manhattan,WEATHER ITEM   OBSERVED NORMAL DEPARTURE LAST,crap
TOP,CNK,KCNK,Concordia,WEATHER ITEM   OBSERVED TIME   RECORD YEAR NORMAL DEPARTURE LAST,crap
TOP,TOP,KTOP,Topeka,WEATHER ITEM   OBSERVED TIME   RECORD YEAR NORMAL DEPARTURE LAST,crap
TSA,FYV,KFYV,Fayetteville AR Drake Field,WEATHER ITEM   OBSERVED RECORD YEAR NORMAL DEPARTURE LAST,crap
TSA,FSM,KFSM,Fort Smith AR Regional Airport,WEATHER ITEM   OBSERVED TIME   RECORD YEAR NORMAL DEPARTURE LAST,crap
TSA,TUL,KTUL,Tulsa OK International Airport,WEATHER ITEM   OBSERVED TIME   RECORD YEAR NORMAL DEPARTURE LAST,crap
TWC,DUG,KDUG,Douglas,WEATHER ITEM   OBSERVED TIME   RECORD YEAR NORMAL DEPARTURE LAST,crap
TWC,TUS,KTUS,Tucson,WEATHER ITEM   OBSERVED TIME   RECORD YEAR NORMAL DEPARTURE LAST,crap
UNR,UNR,KUNR,Rapid City NWS,WEATHER ITEM   OBSERVED RECORD YEAR NORMAL DEPARTURE LAST,crap
UNR,2WX,K2WX,Buffalo,WEATHER ITEM   OBSERVED TIME   NORMAL DEPARTURE LAST,crap
UNR,CUT,KCUT,Custer,WEATHER ITEM   OBSERVED TIME   NORMAL DEPARTURE LAST,crap
UNR,D07,KD07,Faith,WEATHER ITEM   OBSERVED TIME   NORMAL DEPARTURE LAST,crap
UNR,GCC,KGCC,Gillette,WEATHER ITEM   OBSERVED TIME   NORMAL DEPARTURE LAST,crap
UNR,ICR,KICR,Winner,WEATHER ITEM   OBSERVED TIME   NORMAL DEPARTURE LAST,crap
UNR,IEN,KIEN,Pine Ridge,WEATHER ITEM   OBSERVED TIME   NORMAL DEPARTURE LAST,crap
UNR,PHP,KPHP,Philip,WEATHER ITEM   OBSERVED TIME   NORMAL DEPARTURE LAST,crap
UNR,RAP,KRAP,Rapid City Airport,WEATHER ITEM   OBSERVED TIME   RECORD YEAR NORMAL DEPARTURE LAST,crap
VEF,BIH,KBIH,Bishop,WEATHER ITEM   OBSERVED TIME   RECORD YEAR NORMAL DEPARTURE LAST,crap
VEF,IGM,KIGM,Kingman,WEATHER ITEM   OBSERVED TIME   RECORD YEAR NORMAL DEPARTURE LAST,crap
VEF,LAS,KLAS,Las Vegas,WEATHER ITEM   OBSERVED TIME   RECORD YEAR NORMAL DEPARTURE LAST,crap
