station_id,latitude,longitude,elevation_m,corrected,auto,auto_station,maintenance_indicator_on,no_signal
K04V,38.1,-106.17,2385,,TRUE,TRUE,,
K04W,46.02,-92.9,311,,TRUE,TRUE,,
K06D,48.88,-99.62,556,,TRUE,TRUE,,
K08D,48.3,-102.4,684,,TRUE,TRUE,,
K0A9,36.37,-82.17,486,,TRUE,,,
K0CO,39.8,-105.77,3807,,TRUE,TRUE,,
K0E0,34.98,-106,1890,,TRUE,TRUE,,
K0F2,33.6,-97.78,336,,TRUE,TRUE,,
K0J4,31.05,-86.32,96,,TRUE,TRUE,TRUE,
K0V4,37.15,-79.02,182,,TRUE,TRUE,,
K0VG,36.65,-83.22,430,,TRUE,TRUE,,
K11R,30.22,-96.37,94,,TRUE,TRUE,,
K12N,41.02,-74.73,177,,TRUE,TRUE,,
K14Y,45.9,-94.87,406,,TRUE,TRUE,,
K19A,34.18,-83.57,290,,TRUE,TRUE,,
K1A5,35.22,-83.42,616,,TRUE,TRUE,,
K1A6,36.62,-83.73,352,,TRUE,TRUE,,
K1A9,32.43,-86.52,69,,TRUE,TRUE,,
K1F0,34.15,-97.12,257,,TRUE,TRUE,,
K1H2,39.07,-88.53,179,,TRUE,TRUE,,
K1II,39.33,-86.03,214,,TRUE,TRUE,,
K1J0,30.85,-85.6,26,,TRUE,TRUE,,
K1K1,37.77,-97.12,416,,TRUE,TRUE,,
K1L0,30.08,-90.58,2,,TRUE,TRUE,,
K1M4,34.28,-87.6,284,,TRUE,TRUE,,
K1P1,43.78,-71.75,154,,TRUE,TRUE,,
K1R7,31.6,-90.42,149,,TRUE,TRUE,,
K1V4,44.42,-72.02,210,,TRUE,TRUE,,
K20U,46.93,-103.98,840,,TRUE,TRUE,,
K20V,40.05,-106.37,2259,,TRUE,TRUE,,
K21D,45,-92.85,285,,TRUE,TRUE,,
K24J,30.3,-83.03,32,,TRUE,TRUE,,
K28J,29.65,-81.58,15,,TRUE,TRUE,,
K2C8,48.78,-97.63,272,,TRUE,TRUE,,
K2D5,46.17,-98.08,407,,TRUE,TRUE,,
K2DP,35.68,-75.9,3,,TRUE,TRUE,,
K2G4,39.58,-79.33,894,,TRUE,TRUE,,
K2G9,40.03,-79.02,693,,TRUE,TRUE,,
K2I0,37.35,-87.4,134,,TRUE,TRUE,,
K2J9,30.6,-84.55,69,,TRUE,TRUE,,
K2W6,38.32,-76.55,44,,TRUE,TRUE,,
K2WX,45.6,-103.55,915,,TRUE,TRUE,,
K33V,40.75,-106.28,2484,,TRUE,TRUE,,
K36U,40.48,-111.43,1718,,TRUE,TRUE,,
K3D2,45.13,-87.18,234,,TRUE,TRUE,,
K3I2,38.92,-82.1,196,,TRUE,TRUE,,
K3J7,33.6,-83.13,206,,TRUE,TRUE,,
K3K3,38,-101.75,1013,,TRUE,TRUE,,
K3LF,39.17,-89.67,210,,TRUE,TRUE,,
K3N8,47.25,-95.88,383,,TRUE,TRUE,,
K3R7,30.25,-92.67,7,,TRUE,TRUE,,
K3T5,29.9,-96.95,99,,TRUE,TRUE,,
K40J,30.07,-83.57,13,,TRUE,TRUE,,
K42J,29.85,-82.05,60,,TRUE,TRUE,,
K46D,47.45,-99.15,490,,TRUE,TRUE,,
K4A6,34.68,-86,198,,TRUE,TRUE,,
K4A9,34.47,-85.72,267,,TRUE,TRUE,,
K4BM,39.05,-105.52,3438,,TRUE,TRUE,,
K4I3,40.33,-82.53,363,,TRUE,TRUE,,
K4I7,39.63,-86.82,257,,TRUE,TRUE,,
K4M9,36.4,-90.65,90,,TRUE,TRUE,,
K4MR,34.3,-103.8,1326,,TRUE,TRUE,,
K4O4,33.92,-94.87,144,,TRUE,TRUE,,
K54J,30.73,-86.15,88,,TRUE,TRUE,,
K5C1,29.72,-98.7,423,,TRUE,TRUE,,
K5H4,47.78,-99.93,490,,TRUE,TRUE,,
K5M9,37.33,-88.12,199,,TRUE,TRUE,,
K5R8,30.43,-93.47,24,,TRUE,TRUE,,
K5SM,39.43,-107.38,3232,,TRUE,TRUE,,
K5W8,35.7,-79.5,188,,TRUE,TRUE,,
K65S,48.73,-116.3,713,,TRUE,TRUE,,
K66R,29.65,-96.52,74,,TRUE,TRUE,,
K6A2,33.23,-84.27,292,,TRUE,TRUE,,
K6B0,43.98,-73.1,149,,TRUE,TRUE,,
K6I2,37.63,-85.25,264,,TRUE,TRUE,,
K6L4,37.85,-81.92,508,,TRUE,TRUE,,
K6R6,30.05,-102.22,701,,TRUE,TRUE,,
K79J,31.32,-86.4,94,,TRUE,TRUE,,
K7BM,38.78,-106.22,2995,,TRUE,TRUE,,
K7L2,46.22,-100.25,543,,TRUE,TRUE,,
K7W4,37.97,-77.75,106,,TRUE,TRUE,,
K82C,43.83,-90.13,276,,TRUE,TRUE,,
K82V,41.15,-104.13,1570,,TRUE,TRUE,,
K8A0,34.23,-86.25,315,,TRUE,TRUE,,
K8D3,45.67,-96.98,354,,TRUE,TRUE,,
K8S0,48.6,-113.12,1419,,,,,
K8W2,37.97,-77.75,106,,TRUE,TRUE,,
K96D,48.93,-97.9,290,,TRUE,TRUE,,
K9D7,48.48,-99.23,452,,TRUE,TRUE,,
K9L2,34.97,-117.87,701,,TRUE,TRUE,TRUE,
K9MN,44.02,-92.48,355,,TRUE,TRUE,,
K9V9,43.77,-99.32,519,,TRUE,TRUE,,
KA08,32.52,-87.38,69,,TRUE,TRUE,,
KAAA,40.17,-89.33,182,,TRUE,TRUE,,
KAAF,29.73,-85.03,5,,TRUE,TRUE,TRUE,
KAAO,37.75,-97.22,434,,TRUE,TRUE,,
KAAT,41.48,-120.57,1331,,TRUE,TRUE,,
KABE,40.65,-75.45,114,,TRUE,TRUE,,
KABH,38.75,-104.3,1840,,TRUE,TRUE,TRUE,
KABI,32.42,-99.68,548,,,TRUE,,
KABQ,35.05,-106.62,1618,,,TRUE,,
KABR,45.45,-98.42,397,,TRUE,TRUE,,
KABY,31.53,-84.2,58,,,TRUE,,
KACB,44.98,-85.2,190,,TRUE,TRUE,,
KACJ,32.12,-84.18,143,,TRUE,TRUE,,
KACK,41.25,-70.07,16,,TRUE,TRUE,,
KACP,30.75,-92.68,33,,TRUE,TRUE,,
KACQ,44.07,-93.55,343,,TRUE,TRUE,,
KACT,31.62,-97.23,151,,,TRUE,,
KACV,40.98,-124.1,67,,TRUE,TRUE,,
KACY,39.45,-74.57,23,,,TRUE,,
KADC,46.45,-95.22,418,,TRUE,TRUE,,
KADF,34.1,-93.07,56,,TRUE,TRUE,,
KADG,41.87,-84.08,241,,TRUE,TRUE,,
KADH,34.8,-96.67,308,,TRUE,TRUE,,
KADM,34.28,-97.02,232,,,,,
KADS,32.97,-96.82,196,,,,,
KADU,41.7,-94.92,392,,TRUE,TRUE,,
KADW,38.82,-76.87,86,,TRUE,TRUE,,
KAEG,35.13,-106.8,1779,,,,,
KAEJ,38.82,-106.12,2422,,TRUE,TRUE,,
KAEL,43.68,-93.37,383,,TRUE,TRUE,,
KAEX,31.33,-92.57,27,,,TRUE,,
KAFF,38.97,-104.82,2003,,TRUE,TRUE,,
KAFJ,40.12,-80.27,361,,TRUE,TRUE,,
KAFK,40.6,-95.85,354,,TRUE,TRUE,,
KAFN,42.8,-72,313,,TRUE,TRUE,,
KAFO,42.72,-110.95,1897,,TRUE,TRUE,,
KAFP,35.02,-80.08,92,,TRUE,TRUE,,
KAFW,32.97,-97.32,233,,,TRUE,,
KAGC,40.35,-79.92,389,,,TRUE,,
KAGS,33.37,-81.97,44,,,TRUE,,
KAHN,33.95,-83.33,244,,,TRUE,,
KAHQ,41.23,-96.6,374,,TRUE,TRUE,,
KAIA,42.05,-102.8,1196,,TRUE,TRUE,,
KAIB,38.23,-108.57,1811,,TRUE,TRUE,,
KAID,40.12,-85.62,280,,,,,
KAIG,45.15,-89.12,464,,TRUE,TRUE,,
KAIK,33.65,-81.68,161,,TRUE,TRUE,,
KAIO,41.38,-95.03,360,,TRUE,TRUE,,
KAIT,46.53,-93.67,367,,TRUE,TRUE,,
KAIZ,38.1,-92.53,265,,TRUE,TRUE,,
KAJG,38.62,-87.73,131,,TRUE,TRUE,,
KAJL,43.67,-110.03,3161,,TRUE,TRUE,,
KAJO,33.9,-117.6,163,,TRUE,TRUE,TRUE,
KAJZ,38.78,-108.07,1583,,TRUE,TRUE,,
KAKH,35.2,-81.15,243,,TRUE,TRUE,,
KAKO,40.17,-103.22,1421,,TRUE,TRUE,,
KAKQ,36.98,-77,34,,TRUE,TRUE,,
KAKR,41.03,-81.47,363,,TRUE,TRUE,,
KALB,42.75,-73.8,92,,,TRUE,,
KALI,27.73,-98.02,53,,TRUE,TRUE,,
KALK,31.6,-110.43,1453,,TRUE,TRUE,,
KALM,32.82,-105.97,1279,,TRUE,TRUE,,
KALN,38.88,-90.03,166,,,,,
KALO,42.55,-92.4,264,,,TRUE,,
KALS,37.43,-105.87,2299,,TRUE,TRUE,,
KALW,46.1,-118.28,363,,,TRUE,,
KALX,32.92,-85.97,209,,TRUE,TRUE,,
KAMA,35.22,-101.72,1093,,,TRUE,,
KAMG,31.53,-82.5,59,,TRUE,TRUE,,
KAMN,43.32,-84.68,230,,TRUE,TRUE,,
KAMW,41.98,-93.62,279,,TRUE,TRUE,,
KANB,33.58,-85.85,183,,TRUE,TRUE,,
KAND,34.5,-82.72,239,,TRUE,TRUE,,
KANE,45.15,-93.22,278,,,,,
KANJ,46.47,-84.37,218,,TRUE,TRUE,,
KANK,38.53,-106.05,2293,,TRUE,TRUE,,
KANW,42.57,-100,789,,TRUE,TRUE,,
KAOH,40.7,-84.02,296,,TRUE,TRUE,,
KAOO,40.3,-78.32,455,,TRUE,TRUE,,
KAPA,39.57,-104.85,1775,,,TRUE,,
KAPC,38.2,-122.28,13,,,TRUE,,
KAPF,26.15,-81.77,3,,,TRUE,,
KAPG,39.47,-76.17,18,,,,,
KAPN,45.07,-83.57,210,,TRUE,TRUE,,
KAPY,26.97,-99.25,129,,TRUE,TRUE,,
KAQO,30.78,-98.67,336,,TRUE,TRUE,,
KAQP,45.22,-96,311,,TRUE,TRUE,,
KAQR,34.4,-96.15,189,,TRUE,TRUE,,
KAQV,31.4,-93.3,111,,TRUE,TRUE,,
KAQW,42.7,-73.17,199,,TRUE,TRUE,,
KAQX,32.98,-81.27,49,,TRUE,TRUE,,
KARA,30.03,-91.88,18,,,TRUE,,
KARB,42.22,-83.73,251,,,TRUE,,
KARG,36.12,-90.92,83,,TRUE,TRUE,,
KARM,29.25,-96.15,31,,TRUE,TRUE,,
KARR,41.77,-88.48,215,,,TRUE,,
KART,43.98,-76.03,100,,TRUE,TRUE,,
KARV,45.92,-89.72,496,,TRUE,TRUE,,
KASD,30.35,-89.82,9,,TRUE,TRUE,,
KASE,39.23,-106.87,2354,,,TRUE,,
KASG,36.17,-94.12,412,,,,,
KASH,42.78,-71.52,61,,,TRUE,TRUE,
KASJ,36.28,-77.17,21,,TRUE,TRUE,,
KASL,32.52,-94.3,109,,TRUE,TRUE,,
KASN,33.57,-86.05,162,,TRUE,TRUE,,
KAST,46.15,-123.88,3,,TRUE,TRUE,,
KASW,41.27,-85.83,259,,TRUE,TRUE,,
KASX,46.55,-90.92,251,,TRUE,TRUE,,
KATL,33.63,-84.45,296,,,TRUE,,
KATP,27.2,-90.03,62,,TRUE,TRUE,,
KATS,32.85,-104.47,1081,,TRUE,TRUE,,
KATT,30.32,-97.77,201,,TRUE,TRUE,TRUE,
KATW,44.27,-88.52,280,,,,,
KATY,44.9,-97.15,532,,TRUE,TRUE,,
KAUG,44.32,-69.8,109,,TRUE,TRUE,,
KAUH,40.88,-98,550,,TRUE,TRUE,,
KAUM,43.67,-92.92,375,,TRUE,TRUE,,
KAUN,38.95,-121.08,467,,TRUE,TRUE,,
KAUO,32.62,-85.42,236,,TRUE,TRUE,,
KAUS,30.18,-97.68,166,,,TRUE,,
KAUW,44.93,-89.62,362,,TRUE,TRUE,,
KAVC,36.68,-78.03,135,,TRUE,TRUE,,
KAVK,36.77,-98.67,449,,TRUE,TRUE,,
KAVL,35.43,-82.53,670,,,TRUE,,
KAVP,41.33,-75.72,291,,TRUE,TRUE,,
KAVQ,32.4,-111.22,619,,TRUE,TRUE,,
KAVX,33.4,-118.42,482,,TRUE,TRUE,TRUE,
KAWG,41.27,-91.67,230,,TRUE,TRUE,,
KAWM,35.13,-90.23,65,,TRUE,TRUE,TRUE,
KAWO,48.17,-122.17,42,,TRUE,TRUE,,
KAXA,43.07,-94.27,372,,TRUE,TRUE,,
KAXH,29.52,-95.48,21,,TRUE,TRUE,,
KAXN,45.87,-95.4,433,,TRUE,TRUE,,
KAXS,34.7,-99.33,437,,TRUE,TRUE,,
KAXV,40.5,-84.3,279,,TRUE,TRUE,,
KAXX,36.42,-105.28,2548,,TRUE,TRUE,,
KAYS,31.25,-82.4,46,,TRUE,TRUE,,
KAZC,36.97,-113.02,1486,,TRUE,TRUE,,
KAZE,31.88,-82.65,78,,TRUE,TRUE,,
KAZO,42.23,-85.55,272,,,TRUE,,
KBAB,39.12,-121.42,34,,,TRUE,TRUE,
KBAC,46.93,-98.02,684,,TRUE,TRUE,,
KBAD,32.5,-93.67,51,,TRUE,TRUE,TRUE,
KBAF,42.17,-72.72,83,,,TRUE,,
KBAK,39.27,-85.9,200,,,,,
KBAN,38.35,-119.52,2057,,TRUE,TRUE,,
KBAX,43.78,-82.98,234,,TRUE,TRUE,,
KBAZ,29.72,-98.05,195,,,TRUE,,
KBBB,45.32,-95.65,317,,TRUE,TRUE,,
KBBD,31.18,-99.32,557,,TRUE,,,
KBBF,27.83,-96.02,36,,TRUE,TRUE,,
KBBG,36.53,-93.2,397,,,,,
KBBP,34.62,-79.73,45,,TRUE,TRUE,,
KBBW,41.43,-99.63,776,,TRUE,TRUE,,
KBCB,37.22,-80.42,650,,TRUE,TRUE,,
KBCE,37.7,-112.15,2312,,TRUE,TRUE,TRUE,
KBCK,44.25,-90.85,255,,TRUE,TRUE,,
KBCT,26.38,-80.1,4,,,,,
KBDE,48.73,-94.62,329,,TRUE,TRUE,,
KBDG,37.58,-109.47,1788,,TRUE,TRUE,,
KBDH,45.12,-95.13,247,,TRUE,TRUE,,
KBDL,41.93,-72.68,60,,,TRUE,,
KBDN,44.1,-121.2,1055,,TRUE,TRUE,,
KBDR,41.17,-73.13,7,,,TRUE,,
KBDU,40.03,-105.23,1612,,TRUE,TRUE,,
KBEA,28.37,-97.78,82,,TRUE,TRUE,,
KBED,42.47,-71.3,50,,,TRUE,,
KBEH,42.13,-86.42,191,,TRUE,TRUE,,
KBFD,41.8,-78.63,647,,TRUE,TRUE,,
KBFF,41.87,-103.58,1203,,TRUE,TRUE,,
KBFI,47.55,-122.32,4,,,TRUE,TRUE,
KBFL,35.43,-119.05,151,,,TRUE,,
KBFM,30.62,-88.07,20,,,TRUE,,
KBFW,47.25,-91.4,331,,TRUE,TRUE,,
KBGD,35.7,-101.4,927,,TRUE,TRUE,,
KBGE,30.97,-84.63,43,,TRUE,TRUE,,
KBGF,35.18,-86.07,299,,TRUE,,,
KBGM,42.22,-75.98,490,,,TRUE,,
KBGR,44.8,-68.82,57,,,TRUE,,
KBHB,44.45,-68.37,26,,,TRUE,,
KBHC,31.72,-82.4,61,,TRUE,TRUE,,
KBHK,46.35,-104.25,902,,TRUE,TRUE,,
KBHM,33.57,-86.75,197,,,TRUE,,
KBID,41.17,-71.58,33,,TRUE,TRUE,,
KBIE,40.28,-96.75,403,,TRUE,TRUE,,
KBIF,31.85,-106.38,1203,,,TRUE,TRUE,
KBIH,37.37,-118.35,1253,,TRUE,TRUE,,
KBIJ,31.4,-84.9,65,,TRUE,TRUE,,
KBIL,45.8,-108.55,1091,,,TRUE,,
KBIS,46.77,-100.75,505,,,TRUE,,
KBIV,42.75,-86.1,208,,TRUE,TRUE,,
KBIX,30.42,-88.92,10,,TRUE,TRUE,,
KBJC,39.9,-105.1,1724,,,,,
KBJI,47.5,-94.92,420,,TRUE,TRUE,,
KBJJ,40.87,-81.88,343,,TRUE,TRUE,,
KBKB,31,-92.92,94,,TRUE,TRUE,,
KBKD,32.72,-98.88,392,,TRUE,TRUE,,
KBKE,44.85,-117.82,1024,,TRUE,TRUE,,
KBKF,39.72,-104.75,1726,,,,,
KBKL,41.53,-81.67,184,,,TRUE,TRUE,
KBKS,27.2,-98.12,34,,TRUE,TRUE,,
KBKT,37.07,-77.95,134,,TRUE,TRUE,,
KBKV,28.47,-82.45,20,,,TRUE,,
KBKW,37.8,-81.12,764,,TRUE,TRUE,,
KBLF,37.3,-81.2,873,,TRUE,TRUE,,
KBLH,33.62,-114.72,119,,TRUE,TRUE,,
KBLI,48.8,-122.53,50,,,TRUE,,
KBLM,40.17,-74.12,48,,TRUE,TRUE,,
KBLU,39.28,-120.7,1609,,TRUE,TRUE,,
KBLV,38.53,-89.83,138,,TRUE,TRUE,,
KBMC,41.55,-112.07,1288,,TRUE,TRUE,,
KBMG,39.15,-86.62,257,,,TRUE,,
KBMI,40.47,-88.92,267,,,TRUE,,
KBML,44.58,-71.18,345,,TRUE,TRUE,,
KBMQ,30.73,-98.23,389,,TRUE,TRUE,TRUE,
KBMT,30.07,-94.22,10,,TRUE,TRUE,,
KBNA,36.12,-86.68,210,,,TRUE,,
KBNL,33.25,-81.38,75,,TRUE,TRUE,,
KBNO,43.6,-118.95,1264,,TRUE,TRUE,,
KBNW,42.03,-93.83,354,,TRUE,TRUE,,
KBOI,43.57,-116.23,875,,,TRUE,,
KBOK,42.07,-124.28,140,,TRUE,TRUE,,
KBOS,42.37,-71.02,6,,,TRUE,,
KBOW,27.93,-81.77,39,,,,,
KBPC,35.88,-101.03,845,,TRUE,TRUE,,
KBPG,32.22,-101.52,784,,TRUE,TRUE,,
KBPI,42.58,-110.1,2117,,TRUE,TRUE,,
KBPK,36.37,-92.47,280,,TRUE,TRUE,,
KBPT,29.95,-94.03,5,,,TRUE,,
KBQK,31.25,-81.47,8,,TRUE,TRUE,,
KBQP,32.75,-91.88,51,,TRUE,TRUE,,
KBQX,28.5,-95.72,34,,TRUE,TRUE,,
KBRD,46.4,-94.13,372,,TRUE,TRUE,,
KBRL,40.77,-91.13,211,,TRUE,TRUE,,
KBRO,25.92,-97.42,7,,,TRUE,,
KBTA,41.42,-96.12,396,,TRUE,TRUE,,
KBTL,42.32,-85.23,290,,,TRUE,,
KBTM,45.97,-112.5,1688,,TRUE,TRUE,,
KBTP,40.77,-79.95,380,,TRUE,TRUE,,
KBTR,30.53,-91.15,21,,,TRUE,,
KBTV,44.47,-73.15,105,,,TRUE,,
KBUF,42.93,-78.73,211,,,TRUE,,
KBUR,34.2,-118.37,217,,,TRUE,,
KBUU,42.68,-88.3,237,,TRUE,TRUE,,
KBUY,36.05,-79.47,180,,TRUE,TRUE,,
KBVE,29.32,-89.4,1,,TRUE,TRUE,,
KBVI,40.77,-80.4,382,,,,,
KBVN,41.73,-98.05,551,,TRUE,TRUE,,
KBVO,36.77,-96.02,210,,TRUE,TRUE,,
KBVS,48.47,-122.42,43,,TRUE,TRUE,,
KBVU,35.95,-114.87,671,,TRUE,TRUE,,
KBVX,35.73,-91.65,141,,TRUE,TRUE,,
KBVY,42.58,-70.92,28,,,TRUE,,
KBWD,31.8,-98.95,423,,TRUE,TRUE,,
KBWG,36.97,-86.42,168,,TRUE,TRUE,,
KBWI,39.17,-76.68,59,,,TRUE,,
KBWP,46.25,-96.62,295,,TRUE,TRUE,,
KBXA,30.82,-89.87,36,,TRUE,TRUE,,
KBXK,33.42,-112.68,315,,TRUE,TRUE,,
KBYG,44.38,-106.72,1497,,TRUE,TRUE,,
KBYH,35.97,-89.95,78,,,,,
KBYI,42.55,-113.77,1264,,TRUE,TRUE,,
KBYS,35.28,-116.62,716,,TRUE,TRUE,TRUE,
KBYY,28.97,-95.87,14,,TRUE,TRUE,,
KBZN,45.78,-111.17,1361,,,TRUE,,
KC09,41.43,-88.42,178,,TRUE,TRUE,,
KC29,43.12,-89.53,283,,TRUE,TRUE,,
KC35,43.53,-89.98,276,,TRUE,TRUE,,
KC75,41.02,-89.38,173,,TRUE,TRUE,,
KCAD,44.27,-85.42,398,,TRUE,TRUE,,
KCAE,33.93,-81.12,70,,,TRUE,,
KCAG,40.5,-107.52,1887,,TRUE,TRUE,,
KCAK,40.92,-81.45,377,,,TRUE,,
KCAO,36.45,-103.15,1514,,TRUE,TRUE,,
KCAR,46.87,-68.02,191,,TRUE,TRUE,,
KCAV,42.75,-93.77,354,,TRUE,TRUE,,
KCBE,39.62,-78.77,236,,TRUE,TRUE,,
KCBF,41.27,-95.77,382,,TRUE,TRUE,,
KCBG,45.57,-93.27,287,,TRUE,TRUE,,
KCBK,39.43,-101.05,971,,TRUE,TRUE,,
KCBM,33.63,-88.45,67,,TRUE,TRUE,TRUE,
KCCA,35.6,-92.45,157,,TRUE,TRUE,,
KCCO,33.32,-84.77,296,,TRUE,TRUE,,
KCCR,38,-122.05,11,,,TRUE,,
KCCU,39.48,-106.15,3680,,TRUE,TRUE,,
KCCY,43.07,-92.62,343,,TRUE,TRUE,,
KCDC,37.7,-113.1,1714,,TRUE,TRUE,,
KCDD,48.27,-92.48,341,,TRUE,TRUE,,
KCDH,33.62,-92.77,35,,TRUE,TRUE,,
KCDJ,39.82,-93.58,234,,TRUE,TRUE,,
KCDR,42.83,-103.1,1010,,TRUE,TRUE,,
KCDS,34.43,-100.28,594,,TRUE,TRUE,,
KCDW,40.88,-74.28,64,,,TRUE,,
KCEC,41.77,-124.22,17,,TRUE,TRUE,,
KCEF,42.2,-72.52,75,,TRUE,TRUE,,
KCEU,34.67,-82.88,268,,TRUE,TRUE,,
KCEW,30.78,-86.52,55,,TRUE,TRUE,,
KCEY,36.67,-88.37,176,,TRUE,TRUE,,
KCEZ,37.3,-108.63,1797,,TRUE,TRUE,,
KCFD,30.72,-96.33,112,,TRUE,TRUE,,
KCFE,45.17,-93.85,295,,TRUE,TRUE,,
KCFS,43.47,-83.45,214,,TRUE,TRUE,,
KCFV,37.08,-95.57,225,,TRUE,TRUE,,
KCGC,28.87,-82.57,3,,TRUE,TRUE,,
KCGE,38.53,-76.03,6,,TRUE,TRUE,,
KCGF,41.57,-81.47,268,,,,,
KCGI,37.23,-89.58,102,,,TRUE,,
KCGS,38.98,-76.92,15,,TRUE,TRUE,,
KCGZ,32.95,-111.77,446,,TRUE,TRUE,,
KCHA,35.03,-85.2,210,,,TRUE,,
KCHD,33.27,-111.82,379,,,,,
KCHK,35.1,-97.97,351,,TRUE,TRUE,,
KCHO,38.13,-78.45,192,,,TRUE,,
KCHS,32.9,-80.03,13,,,TRUE,,
KCIC,39.78,-121.83,73,,,,,
KCID,41.88,-91.72,264,,,TRUE,,
KCIN,42.03,-94.77,375,,TRUE,TRUE,,
KCIR,37.07,-89.22,98,,TRUE,TRUE,,
KCIU,46.25,-84.47,244,,TRUE,TRUE,,
KCJR,38.53,-77.87,97,,TRUE,TRUE,,
KCKB,39.3,-80.22,360,,,TRUE,,
KCKC,47.83,-90.37,548,,TRUE,TRUE,,
KCKF,31.98,-83.77,91,,TRUE,TRUE,,
KCKI,33.72,-79.85,21,,TRUE,TRUE,,
KCKM,34.3,-90.52,53,,TRUE,TRUE,,
KCKN,47.85,-96.62,273,,TRUE,TRUE,,
KCKP,42.73,-95.55,374,,TRUE,TRUE,,
KCKV,36.62,-87.42,165,,TRUE,TRUE,,
KCLE,41.42,-81.85,233,,,TRUE,TRUE,
KCLI,44.62,-88.73,250,,TRUE,TRUE,,
KCLK,35.53,-98.93,492,,TRUE,TRUE,,
KCLL,30.58,-96.37,96,,,TRUE,,
KCLM,48.12,-123.5,85,,TRUE,TRUE,,
KCLS,46.68,-122.98,54,,TRUE,TRUE,,
KCLT,35.22,-80.95,220,,,TRUE,,
KCLW,27.98,-82.75,22,,TRUE,TRUE,,
KCMA,34.22,-119.1,23,,,TRUE,,
KCMD,34.27,-86.85,294,,TRUE,TRUE,,
KCMH,40,-82.88,247,,,TRUE,,
KCMI,40.03,-88.27,228,,,TRUE,,
KCMX,47.17,-88.48,326,,TRUE,TRUE,,
KCMY,43.97,-90.73,256,,TRUE,TRUE,,
KCNB,44.73,-96.27,364,,TRUE,TRUE,,
KCNC,41.02,-93.37,320,,TRUE,TRUE,,
KCNI,34.32,-84.42,372,,TRUE,TRUE,,
KCNK,39.55,-97.65,447,,TRUE,TRUE,,
KCNM,32.33,-104.25,985,,TRUE,TRUE,TRUE,
KCNO,33.98,-117.62,207,,,TRUE,,
KCNU,37.67,-95.48,297,,TRUE,TRUE,,
KCNW,31.63,-97.07,156,,,,,
KCNY,38.77,-109.75,1390,,TRUE,TRUE,,
KCOD,44.52,-109.02,1553,,,TRUE,,
KCOE,47.77,-116.82,707,,TRUE,TRUE,,
KCOF,28.23,-80.6,3,,TRUE,TRUE,,
KCOM,31.83,-99.4,517,,TRUE,TRUE,,
KCON,43.2,-71.5,103,,TRUE,TRUE,,
KCOQ,46.7,-92.5,390,,TRUE,TRUE,,
KCOS,38.82,-104.68,1856,,,TRUE,,
KCOT,28.45,-99.22,140,,TRUE,TRUE,,
KCOU,38.82,-92.22,271,,,TRUE,,
KCPC,34.28,-78.72,29,,TRUE,TRUE,,
KCPK,36.67,-76.32,6,,TRUE,TRUE,,
KCPR,42.9,-106.47,1621,,,TRUE,,
KCPS,38.57,-90.15,126,,,TRUE,,
KCPT,32.35,-97.43,260,,TRUE,TRUE,,
KCPW,37.45,-106.8,3584,,TRUE,TRUE,,
KCQB,35.72,-96.82,300,,TRUE,TRUE,,
KCQC,35,-105.67,2160,,TRUE,TRUE,,
KCQF,30.47,-87.88,28,,TRUE,TRUE,,
KCQM,47.82,-92.68,404,,TRUE,TRUE,,
KCQT,34.02,-118.28,56,,TRUE,TRUE,,
KCQW,34.72,-79.95,73,,TRUE,TRUE,,
KCQX,41.68,-70,19,,TRUE,TRUE,,
KCRE,33.82,-78.72,10,,,TRUE,,
KCRG,30.33,-81.52,13,,,TRUE,,
KCRH,28.92,-93.3,34,,TRUE,TRUE,,
KCRP,27.77,-97.5,14,,,TRUE,,
KCRQ,33.13,-117.28,99,,,TRUE,,
KCRS,32.03,-96.4,133,,TRUE,TRUE,TRUE,
KCRW,38.38,-81.58,309,,,TRUE,,
KCRX,34.92,-88.6,130,,TRUE,TRUE,,
KCSG,32.52,-84.95,135,,,TRUE,,
KCSM,35.35,-99.2,588,,,TRUE,,
KCSQ,41.02,-94.37,394,,TRUE,TRUE,,
KCSV,35.95,-85.08,570,,TRUE,TRUE,,
KCTB,48.6,-112.37,1175,,TRUE,TRUE,,
KCTJ,33.63,-85.15,354,,TRUE,TRUE,,
KCTY,29.63,-83.1,13,,TRUE,TRUE,,
KCTZ,34.98,-78.37,45,,TRUE,TRUE,,
KCUB,33.97,-81,56,,TRUE,TRUE,,
KCUH,35.95,-96.77,279,,TRUE,TRUE,,
KCUL,38.08,-88.12,118,,TRUE,TRUE,,
KCUT,43.73,-103.62,1725,,TRUE,TRUE,,
KCVB,29.35,-98.85,235,,TRUE,TRUE,,
KCVC,33.63,-83.85,247,,TRUE,TRUE,,
KCVG,39.05,-84.67,269,,,TRUE,,
KCVH,36.9,-121.42,70,,TRUE,TRUE,,
KCVN,34.42,-103.07,1284,,TRUE,TRUE,,
KCVO,44.5,-123.27,75,,TRUE,TRUE,,
KCVS,34.37,-103.32,1309,,,,TRUE,
KCVW,29.78,-93.3,1,,TRUE,TRUE,,
KCVX,45.3,-85.27,204,,TRUE,TRUE,,
KCWA,44.78,-89.67,389,,,,,
KCWC,33.85,-98.48,305,,TRUE,TRUE,,
KCWI,41.82,-90.32,216,,TRUE,TRUE,,
KCWN,38.75,-104.85,2040,,TRUE,TRUE,,
KCWV,32.2,-81.87,33,,TRUE,TRUE,,
KCXE,36.78,-78.5,153,,TRUE,TRUE,,
KCXO,30.35,-95.42,75,,,TRUE,,
KCXP,39.18,-119.73,1435,,TRUE,TRUE,,
KCXY,40.22,-76.85,106,,,TRUE,,
KCYS,41.15,-104.8,1868,,,TRUE,,
KCZT,28.52,-99.82,183,,TRUE,TRUE,,
KCZZ,32.63,-116.47,807,,TRUE,TRUE,,
KD07,45.03,-102.02,784,,TRUE,TRUE,,
KD25,46.12,-89.88,491,,TRUE,TRUE,,
KD39,45.7,-94.93,380,,TRUE,TRUE,,
KD50,48.93,-103.3,595,,TRUE,TRUE,,
KD55,48.75,-98.4,491,,TRUE,TRUE,,
KD57,46.82,-101.87,637,,TRUE,TRUE,,
KD60,48.38,-102.9,693,,TRUE,TRUE,,
KD95,43.07,-83.27,255,,TRUE,TRUE,,
KDAA,38.72,-77.17,21,,TRUE,TRUE,,
KDAB,29.18,-81.07,9,,,TRUE,,
KDAG,34.85,-116.78,587,,TRUE,TRUE,,
KDAL,32.85,-96.85,158,,,TRUE,,
KDAN,36.57,-79.33,175,,TRUE,TRUE,,
KDAW,43.28,-70.92,100,,TRUE,TRUE,,
KDAY,39.9,-84.22,305,,,TRUE,,
KDBN,32.57,-82.98,94,,TRUE,TRUE,,
KDBQ,42.4,-90.7,326,,,TRUE,,
KDCA,38.85,-77.03,18,,,TRUE,,
KDCM,34.78,-81.2,200,,TRUE,TRUE,,
KDCU,34.65,-86.95,176,,TRUE,TRUE,,
KDCY,38.7,-87.13,144,,TRUE,TRUE,,
KDDC,37.77,-99.97,789,,TRUE,TRUE,,
KDDH,42.9,-73.25,244,,TRUE,TRUE,,
KDEC,39.83,-88.85,207,,,TRUE,,
KDED,29.07,-81.28,24,,TRUE,TRUE,,
KDEH,43.27,-91.72,353,,TRUE,TRUE,,
KDEN,39.85,-104.65,1640,,,TRUE,,
KDEQ,34.05,-94.4,106,,TRUE,TRUE,,
KDET,42.4,-83.02,190,,,TRUE,,
KDEW,47.97,-117.43,674,,TRUE,TRUE,,
KDFI,41.33,-84.43,219,,TRUE,TRUE,,
KDFW,32.9,-97.02,174,,,TRUE,,
KDGW,42.8,-105.38,1499,,TRUE,TRUE,,
KDHN,31.32,-85.45,113,,,TRUE,,
KDHT,36.02,-102.55,1217,,TRUE,TRUE,,
KDIJ,43.75,-111.1,1899,,TRUE,TRUE,,
KDIK,46.8,-102.8,788,,TRUE,TRUE,,
KDKB,41.93,-88.7,279,,TRUE,TRUE,,
KDKK,42.5,-79.28,202,,TRUE,TRUE,,
KDKR,31.3,-95.4,106,,TRUE,TRUE,,
KDLF,29.37,-100.77,330,,TRUE,TRUE,,
KDLH,46.85,-92.2,435,,,TRUE,,
KDLL,43.52,-89.77,299,,TRUE,TRUE,,
KDLN,45.25,-112.55,1591,,TRUE,TRUE,,
KDLP,29.12,-89.55,36,,TRUE,TRUE,,
KDLS,45.62,-121.17,71,,TRUE,TRUE,,
KDLZ,40.28,-83.12,289,,TRUE,TRUE,,
KDMA,32.17,-110.87,824,,TRUE,TRUE,TRUE,
KDMH,39.28,-76.62,5,,TRUE,TRUE,,
KDMN,32.27,-107.72,1311,,TRUE,TRUE,,
KDMO,38.72,-93.17,274,,TRUE,TRUE,,
KDMW,39.6,-77,241,,TRUE,TRUE,,
KDNL,33.47,-82.03,130,,TRUE,TRUE,,
KDNN,34.72,-84.87,216,,TRUE,TRUE,,
KDNS,41.97,-95.37,388,,TRUE,TRUE,,
KDNV,40.2,-87.6,212,,TRUE,TRUE,,
KDOV,39.12,-75.47,9,,TRUE,TRUE,TRUE,
KDPA,41.92,-88.25,231,,,TRUE,,
KDPG,40.2,-112.92,1326,,,,,
KDPL,35,-77.97,42,,TRUE,TRUE,,
KDQH,31.48,-82.87,78,,TRUE,TRUE,,
KDRA,36.62,-116.03,1006,,TRUE,TRUE,,
KDRI,30.83,-93.33,63,,TRUE,TRUE,,
KDRM,46,-83.75,204,,TRUE,TRUE,,
KDRO,37.15,-107.77,2035,,TRUE,TRUE,,
KDRT,29.37,-100.92,313,,TRUE,TRUE,,
KDSM,41.53,-93.67,295,,,TRUE,,
KDSV,42.57,-77.72,198,,TRUE,TRUE,,
KDTA,39.38,-112.5,1402,,TRUE,TRUE,,
KDTL,46.82,-95.87,426,,TRUE,TRUE,,
KDTN,32.55,-93.75,53,,,TRUE,,
KDTO,33.2,-97.2,196,,,TRUE,,
KDTS,30.4,-86.47,5,,TRUE,TRUE,,
KDTW,42.23,-83.33,195,,,TRUE,TRUE,
KDUA,33.95,-96.4,213,,TRUE,TRUE,,
KDUC,34.47,-97.97,339,,TRUE,TRUE,,
KDUG,31.47,-109.58,1265,,TRUE,TRUE,,
KDUH,41.73,-83.65,204,,TRUE,TRUE,,
KDUJ,41.17,-78.9,554,,TRUE,TRUE,,
KDUX,35.85,-102.02,1129,,TRUE,TRUE,,
KDVK,37.58,-84.77,312,,TRUE,TRUE,,
KDVL,48.12,-98.92,443,,TRUE,TRUE,,
KDVN,41.62,-90.58,230,,TRUE,TRUE,,
KDVO,38.15,-122.55,1,,TRUE,TRUE,,
KDVP,43.98,-95.78,495,,TRUE,TRUE,,
KDVT,33.68,-112.07,443,,TRUE,TRUE,,
KDWH,30.07,-95.55,46,,,TRUE,,
KDWU,38.55,-82.73,166,,TRUE,TRUE,,
KDWX,41.03,-107.5,1996,,TRUE,TRUE,,
KDXR,41.37,-73.48,139,,,TRUE,,
KDXX,44.98,-96.18,330,,TRUE,TRUE,,
KDYA,32.47,-87.95,34,,TRUE,TRUE,,
KDYL,40.33,-75.12,117,,TRUE,TRUE,,
KDYR,36,-89.4,103,,,TRUE,,
KDYS,32.42,-99.83,545,,TRUE,TRUE,TRUE,
KDYT,46.72,-92.03,186,,TRUE,TRUE,,
KDZB,30.53,-98.37,334,,TRUE,TRUE,,
KE11,32.33,-102.53,967,,TRUE,TRUE,,
KE38,30.38,-103.68,1376,,TRUE,TRUE,,
KE80,34.65,-106.83,1582,,TRUE,TRUE,,
KEAR,40.72,-99,649,,,TRUE,,
KEAT,47.4,-120.2,377,,TRUE,TRUE,,
KEAU,44.87,-91.47,276,,,TRUE,,
KEBG,26.45,-98.13,24,,TRUE,TRUE,,
KEBS,42.42,-93.87,342,,TRUE,TRUE,,
KECG,36.27,-76.18,11,,,TRUE,,
KECP,30.35,-85.8,21,,TRUE,TRUE,,
KECS,43.88,-104.32,1273,,TRUE,TRUE,,
KECU,29.95,-100.17,725,,TRUE,TRUE,,
KEDC,30.4,-97.57,189,,TRUE,TRUE,,
KEDE,36.02,-76.57,6,,TRUE,TRUE,,
KEDJ,40.37,-83.82,342,,TRUE,TRUE,,
KEDN,31.3,-85.9,110,,TRUE,TRUE,,
KEDU,38.53,-121.78,21,,TRUE,TRUE,,
KEDW,34.88,-117.87,702,,,TRUE,,
KEED,34.77,-114.62,302,,TRUE,TRUE,TRUE,
KEEN,42.88,-72.27,149,,TRUE,TRUE,,
KEEO,40.05,-107.88,1930,,TRUE,TRUE,,
KEET,33.18,-86.78,173,,TRUE,TRUE,,
KEFD,29.6,-95.17,10,,,,,
KEFK,44.88,-72.23,284,,TRUE,TRUE,,
KEFT,42.62,-89.6,331,,TRUE,TRUE,,
KEGE,39.63,-106.92,1993,,,,,
KEGI,30.63,-86.52,59,,,TRUE,TRUE,
KEGV,45.93,-89.27,500,,TRUE,TRUE,,
KEHA,37,-101.9,1099,,TRUE,TRUE,,
KEHC,28.43,-92.88,31,,TRUE,TRUE,,
KEHO,35.25,-81.6,258,,TRUE,TRUE,,
KEHR,37.82,-87.67,117,,TRUE,TRUE,,
KEHY,41.73,-106.47,2225,,TRUE,TRUE,,
KEIK,40.02,-105.05,1564,,TRUE,TRUE,,
KEIR,28.63,-91.48,28,,TRUE,TRUE,,
KEKM,41.72,-86,237,,,,,
KEKN,38.88,-79.85,603,,TRUE,TRUE,,
KEKO,40.82,-115.78,1547,,TRUE,TRUE,,
KEKQ,36.85,-84.85,294,,TRUE,TRUE,,
KELA,29.6,-96.32,56,,TRUE,TRUE,,
KELD,33.22,-92.82,81,,TRUE,TRUE,,
KELK,35.43,-99.4,610,,TRUE,TRUE,,
KELM,42.15,-76.9,302,,TRUE,TRUE,,
KELN,47.03,-120.53,519,,TRUE,TRUE,,
KELO,47.82,-91.82,443,,TRUE,TRUE,,
KELP,31.82,-106.38,1197,,,TRUE,,
KELY,39.3,-114.85,1906,,TRUE,TRUE,,
KELZ,42.1,-77.98,646,,TRUE,TRUE,,
KEMK,27.82,-94.32,26,,TRUE,TRUE,,
KEMM,41.82,-110.55,2220,,TRUE,TRUE,,
KEMP,38.33,-96.2,367,,TRUE,TRUE,,
KEMT,34.07,-118.02,90,,,,,
KEMV,36.68,-77.48,39,,TRUE,TRUE,,
KEND,36.32,-97.92,398,,,TRUE,,
KENL,38.52,-89.1,163,,TRUE,TRUE,,
KENV,40.72,-114.02,1292,,TRUE,TRUE,,
KENW,42.6,-87.93,219,,,TRUE,,
KEOE,34.32,-81.63,174,,TRUE,TRUE,,
KEOK,40.47,-91.42,205,,TRUE,TRUE,,
KEPH,47.3,-119.52,383,,TRUE,TRUE,,
KEQA,37.78,-96.82,420,,TRUE,TRUE,,
KEQY,35.02,-80.62,212,,TRUE,TRUE,,
KERI,42.08,-80.18,222,,,TRUE,,
KERV,29.98,-99.08,510,,TRUE,TRUE,,
KERY,46.3,-85.45,265,,TRUE,TRUE,,
KESC,45.75,-87.08,187,,TRUE,TRUE,,
KESF,31.4,-92.28,28,,TRUE,TRUE,,
KESN,38.8,-76.07,22,,,,,
KEST,43.4,-94.75,401,,TRUE,TRUE,,
KETB,43.42,-88.13,270,,TRUE,TRUE,,
KETC,35.93,-77.55,17,,TRUE,TRUE,,
KETH,45.78,-96.55,313,,TRUE,TRUE,,
KEUF,31.95,-85.13,87,,TRUE,TRUE,,
KEUG,44.13,-123.22,114,,,TRUE,,
KEUL,43.62,-116.62,740,,TRUE,TRUE,,
KEVB,29.05,-80.95,3,,,,,
KEVM,47.42,-92.5,421,,TRUE,TRUE,,
KEVV,38.05,-87.52,117,,,TRUE,,
KEVW,41.27,-111.03,2177,,TRUE,TRUE,,
KEWB,41.68,-70.95,23,,,TRUE,,
KEWK,38.03,-97.27,467,,TRUE,TRUE,,
KEWN,35.07,-77.05,3,,,TRUE,,
KEWR,40.68,-74.17,7,,,TRUE,,
KEXX,35.78,-80.3,223,,TRUE,TRUE,,
KEYE,39.83,-86.3,248,,TRUE,TRUE,,
KEYF,34.6,-78.58,41,,TRUE,TRUE,,
KEYW,24.55,-81.75,5,,,TRUE,,
KEZF,38.27,-77.45,26,,TRUE,TRUE,,
KEZM,32.22,-83.13,93,,TRUE,TRUE,,
KEZS,44.78,-88.57,248,,TRUE,TRUE,,
KF05,34.23,-99.28,386,,TRUE,TRUE,,
KF44,32.17,-95.83,135,,TRUE,TRUE,,
KF46,32.93,-96.43,176,,TRUE,TRUE,,
KF70,33.57,-117.13,412,,TRUE,TRUE,,
KFAF,37.12,-76.62,4,,TRUE,TRUE,,
KFAM,37.77,-90.42,288,,TRUE,TRUE,,
KFAR,46.93,-96.82,277,,,TRUE,,
KFAT,36.78,-119.72,104,,,TRUE,,
KFAY,34.98,-78.88,55,,TRUE,TRUE,,
KFBG,35.12,-78.92,74,,TRUE,TRUE,,
KFBL,44.33,-93.32,322,,TRUE,TRUE,,
KFBR,41.4,-110.4,2144,,TRUE,TRUE,,
KFCI,37.4,-77.52,72,,TRUE,TRUE,,
KFCM,44.83,-93.47,280,,,TRUE,,
KFCS,38.67,-104.77,1789,,,TRUE,,
KFDK,39.42,-77.37,92,,,,,
KFDR,34.35,-98.98,386,,TRUE,TRUE,,
KFDW,34.32,-81.12,176,,TRUE,TRUE,,
KFDY,41.02,-83.67,247,,TRUE,TRUE,,
KFEP,42.25,-89.58,262,,TRUE,TRUE,,
KFET,41.45,-96.52,367,,TRUE,TRUE,,
KFEW,41.13,-104.87,1878,,TRUE,TRUE,TRUE,
KFFA,36.02,-75.67,4,,TRUE,TRUE,,
KFFC,33.35,-84.57,262,,TRUE,TRUE,,
KFFL,41.03,-91.97,244,,TRUE,TRUE,,
KFFM,46.28,-96.15,361,,TRUE,TRUE,,
KFFO,39.82,-84.03,251,,,TRUE,,
KFFT,38.18,-84.9,236,,TRUE,TRUE,,
KFFX,43.43,-86,236,,TRUE,TRUE,,
KFFZ,33.47,-111.72,424,,,,,
KFGN,49.32,-94.9,328,,TRUE,TRUE,,
KFGX,38.55,-83.75,278,,TRUE,TRUE,,
KFHB,30.62,-81.47,5,,TRUE,TRUE,,
KFHR,48.52,-123.03,32,,TRUE,TRUE,,
KFHU,31.58,-110.35,1438,,,,,
KFIG,41.05,-78.42,462,,TRUE,TRUE,,
KFIN,29.47,-81.2,10,,,,,
KFIT,42.55,-71.75,103,,TRUE,TRUE,,
KFKA,43.68,-92.17,389,,TRUE,TRUE,,
KFKL,41.37,-79.87,469,,TRUE,TRUE,,
KFKN,36.7,-76.9,12,,TRUE,TRUE,,
KFKR,40.27,-86.57,262,,TRUE,TRUE,,
KFKS,44.63,-86.2,193,,TRUE,TRUE,,
KFLD,43.77,-88.48,240,,TRUE,TRUE,,
KFLG,35.13,-111.67,2134,,,TRUE,,
KFLL,26.07,-80.15,3,,,TRUE,,
KFLO,34.18,-79.73,44,,,TRUE,,
KFLP,36.28,-92.58,219,,,TRUE,,
KFLY,38.95,-104.57,2096,,TRUE,TRUE,,
KFME,39.08,-76.77,46,,TRUE,TRUE,,
KFMH,41.63,-70.52,40,,TRUE,TRUE,,
KFMM,40.33,-103.8,1393,,TRUE,TRUE,,
KFMN,36.75,-108.23,1685,,,TRUE,,
KFMY,26.58,-81.87,4,,,TRUE,,
KFNB,40.07,-95.58,300,,TRUE,TRUE,,
KFNL,40.45,-105.02,1529,,TRUE,TRUE,,
KFNT,42.97,-83.75,233,,,TRUE,,
KFOA,38.67,-88.45,144,,TRUE,TRUE,,
KFOD,42.53,-94.17,355,,TRUE,TRUE,,
KFOE,38.93,-95.65,320,,,TRUE,,
KFOK,40.85,-72.62,33,,,TRUE,,
KFOT,40.55,-124.13,120,,TRUE,TRUE,,
KFOZ,47.77,-93.65,411,,TRUE,TRUE,,
KFPK,42.57,-84.82,272,,TRUE,TRUE,,
KFPR,27.5,-80.38,13,,,TRUE,,
KFQD,35.42,-81.93,329,,TRUE,TRUE,,
KFRG,40.73,-73.42,21,,,TRUE,,
KFRI,39.03,-96.77,325,,TRUE,TRUE,,
KFRM,43.63,-94.42,354,,TRUE,TRUE,,
KFRR,38.92,-78.25,216,,TRUE,TRUE,,
KFSD,43.58,-96.75,436,,,TRUE,,
KFSE,47.58,-95.77,389,,TRUE,TRUE,,
KFSI,34.65,-98.4,362,,TRUE,TRUE,,
KFSM,35.33,-94.37,140,,,TRUE,,
KFSO,44.93,-73.1,70,,TRUE,TRUE,,
KFST,30.92,-102.92,918,,TRUE,TRUE,,
KFSW,40.67,-91.32,221,,TRUE,TRUE,,
KFTG,39.78,-104.55,1675,,,,,
KFTK,37.88,-85.97,230,,TRUE,TRUE,,
KFTW,32.83,-97.37,214,,,TRUE,,
KFTY,33.78,-84.52,263,,,TRUE,,
KFUL,33.87,-117.98,35,,,TRUE,,
KFVE,47.28,-68.3,301,,TRUE,TRUE,,
KFVX,37.35,-78.42,125,,TRUE,TRUE,,
KFWA,40.98,-85.18,248,,,TRUE,TRUE,
KFWB,36.7,-93.4,406,,TRUE,TRUE,,
KFWC,38.38,-88.42,133,,TRUE,TRUE,,
KFWN,41.2,-74.63,133,,TRUE,TRUE,,
KFWS,32.57,-97.3,208,,,,,
KFWZ,42.52,-108.78,2588,,TRUE,TRUE,,
KFXE,26.2,-80.18,6,,,TRUE,,
KFXY,43.23,-93.62,375,,TRUE,TRUE,,
KFYG,38.58,-91,149,,TRUE,TRUE,,
KFYJ,37.52,-76.77,7,,TRUE,TRUE,,
KFYM,35.07,-86.57,300,,TRUE,,,
KFYV,36.02,-94.17,379,,,TRUE,,
KFZG,31.68,-83.27,111,,TRUE,TRUE,,
KFZY,43.35,-76.38,138,,TRUE,TRUE,,
KGAD,33.97,-86.07,173,,,TRUE,,
KGAG,36.3,-99.77,668,,TRUE,TRUE,,
KGAI,39.17,-77.17,165,,,TRUE,,
KGAO,29.45,-90.27,1,,TRUE,TRUE,,
KGBD,38.35,-98.87,575,,TRUE,TRUE,,
KGBG,40.93,-90.43,233,,TRUE,TRUE,,
KGBK,27.2,-92.2,59,,TRUE,TRUE,,
KGCC,44.33,-105.55,1320,,TRUE,TRUE,,
KGCD,44.38,-118.97,1127,,TRUE,TRUE,,
KGCK,37.92,-100.72,877,,,TRUE,,
KGCM,36.3,-95.48,221,,TRUE,TRUE,,
KGCN,35.95,-112.15,2016,,,TRUE,,
KGDB,44.75,-95.55,319,,TRUE,TRUE,,
KGDJ,32.45,-97.82,237,,TRUE,TRUE,,
KGDV,47.12,-104.78,749,,TRUE,TRUE,,
KGED,38.68,-75.37,19,,TRUE,TRUE,,
KGEG,47.62,-117.53,735,,,TRUE,,
KGEU,33.53,-112.3,325,,,,,
KGEV,36.43,-81.42,969,,TRUE,TRUE,,
KGEY,44.52,-108.08,1191,,TRUE,TRUE,,
KGEZ,39.58,-85.8,245,,TRUE,TRUE,,
KGFA,47.5,-111.17,1075,,TRUE,TRUE,,
KGFK,47.95,-97.18,258,,,TRUE,,
KGFL,43.33,-73.62,103,,TRUE,TRUE,,
KGGE,33.32,-79.32,12,,TRUE,TRUE,,
KGGG,32.38,-94.72,107,,,TRUE,,
KGGI,41.72,-92.73,307,,TRUE,TRUE,,
KGGP,40.72,-86.37,225,,TRUE,TRUE,,
KGGW,48.22,-106.62,694,,TRUE,TRUE,,
KGHB,27.83,-91.98,30,,TRUE,TRUE,,
KGHW,45.63,-95.32,425,,TRUE,TRUE,,
KGIC,45.95,-116.12,1009,,TRUE,TRUE,,
KGIF,28.07,-81.75,43,,TRUE,TRUE,,
KGJT,39.12,-108.52,1475,,,TRUE,,
KGKJ,41.63,-80.22,428,,TRUE,TRUE,,
KGKT,35.85,-83.53,309,,TRUE,,,
KGKY,32.67,-97.1,192,,,TRUE,,
KGLD,39.37,-101.7,1113,,TRUE,TRUE,,
KGLE,33.65,-97.2,256,,TRUE,TRUE,,
KGLH,33.5,-90.98,45,,TRUE,TRUE,,
KGLR,45.02,-84.68,407,,TRUE,TRUE,,
KGLS,29.27,-94.87,6,,,TRUE,,
KGLW,37.03,-85.95,218,,TRUE,TRUE,,
KGLY,38.35,-93.68,251,,TRUE,TRUE,,
KGMJ,36.6,-94.73,254,,TRUE,TRUE,,
KGMU,34.85,-82.35,315,,,TRUE,,
KGNA,47.75,-90.35,185,,TRUE,TRUE,,
KGNC,32.68,-102.65,1010,,TRUE,TRUE,,
KGNF,33.83,-89.8,63,,TRUE,TRUE,,
KGNR,45.47,-69.55,427,,TRUE,TRUE,TRUE,
KGNT,35.17,-107.9,1987,,TRUE,TRUE,,
KGNV,29.7,-82.28,45,,,TRUE,,
KGOK,35.85,-97.4,324,,TRUE,TRUE,,
KGON,41.33,-72.05,3,,,TRUE,TRUE,
KGOO,39.22,-121,962,,TRUE,TRUE,,
KGOP,31.42,-97.8,276,,TRUE,TRUE,,
KGOV,44.68,-84.73,353,,TRUE,TRUE,,
KGPH,39.33,-94.32,235,,TRUE,TRUE,,
KGPI,48.32,-114.25,908,,,TRUE,,
KGPM,32.7,-97.05,180,,,,,
KGPT,30.42,-89.08,14,,,TRUE,,
KGPZ,47.22,-93.52,413,,TRUE,TRUE,,
KGRB,44.48,-88.13,208,,,TRUE,,
KGRD,34.25,-82.15,185,,TRUE,TRUE,,
KGRF,47.07,-122.57,92,,,TRUE,TRUE,
KGRI,40.97,-98.32,561,,,TRUE,TRUE,
KGRK,31.07,-97.83,309,,TRUE,TRUE,,
KGRR,42.88,-85.52,237,,,TRUE,,
KGRY,27.63,-90.45,58,,TRUE,TRUE,,
KGSB,35.32,-77.97,33,,TRUE,TRUE,TRUE,
KGSH,41.53,-85.78,252,,TRUE,TRUE,,
KGSO,36.1,-79.95,275,,,TRUE,,
KGSP,34.9,-82.22,287,,,TRUE,,
KGTB,44.07,-75.72,207,,TRUE,TRUE,,
KGTF,47.47,-111.38,1119,,,TRUE,,
KGTR,33.45,-88.57,80,,,,,
KGTU,30.68,-97.68,240,,,,,
KGUC,38.52,-106.92,2339,,,TRUE,,
KGUL,27.3,-93.53,30,,TRUE,TRUE,,
KGUP,35.52,-108.8,1971,,TRUE,TRUE,,
KGUR,42.25,-104.72,1358,,TRUE,TRUE,,
KGUS,40.63,-86.15,247,,,TRUE,,
KGUY,36.68,-101.5,948,,TRUE,TRUE,,
KGVE,38.15,-78.17,138,,TRUE,TRUE,,
KGVL,34.27,-83.83,386,,TRUE,TRUE,,
KGVT,33.07,-96.07,163,,TRUE,TRUE,,
KGVX,28.58,-94.98,39,,TRUE,TRUE,,
KGWB,41.3,-85.07,269,,TRUE,TRUE,,
KGWO,33.5,-90.08,44,,TRUE,TRUE,,
KGWR,46.22,-97.65,386,,TRUE,TRUE,,
KGWW,35.47,-77.97,41,,TRUE,TRUE,,
KGXA,34.57,-117.67,923,,TRUE,TRUE,TRUE,
KGXF,32.87,-112.72,262,,,TRUE,,
KGXY,40.42,-104.62,1420,,TRUE,TRUE,,
KGYH,34.75,-82.38,292,,,,,
KGYI,33.72,-96.67,228,,TRUE,TRUE,,
KGYL,44.77,-94.08,302,,TRUE,TRUE,,
KGYR,33.42,-112.37,295,,,,,
KGYY,41.62,-87.42,180,,,,,
KGZH,31.42,-87.05,78,,TRUE,TRUE,,
KGZL,35.28,-95.1,183,,TRUE,TRUE,,
KH21,37.97,-92.68,324,,TRUE,TRUE,,
KHAE,39.73,-91.45,234,,TRUE,TRUE,,
KHAF,37.52,-122.5,21,,TRUE,TRUE,,
KHAI,41.97,-85.6,251,,TRUE,TRUE,,
KHAO,39.37,-84.52,188,,TRUE,TRUE,,
KHBG,31.27,-89.25,44,,TRUE,TRUE,,
KHBI,35.65,-79.9,205,,TRUE,TRUE,,
KHBR,34.98,-99.05,473,,TRUE,TRUE,,
KHBV,27.35,-98.73,202,,TRUE,TRUE,,
KHCD,44.87,-94.38,323,,TRUE,TRUE,,
KHCO,48.75,-96.93,250,,TRUE,TRUE,,
KHDC,30.52,-90.42,13,,TRUE,TRUE,,
KHDE,40.45,-99.32,705,,TRUE,TRUE,,
KHDN,40.47,-107.22,2012,,,TRUE,,
KHDO,29.37,-99.17,282,,TRUE,TRUE,,
KHEF,38.72,-77.52,59,,,,,
KHEI,46.02,-102.65,828,,TRUE,TRUE,,
KHEQ,40.57,-102.28,1137,,TRUE,TRUE,,
KHEY,31.35,-85.65,97,,TRUE,TRUE,,
KHEZ,31.62,-91.3,83,,TRUE,TRUE,,
KHFD,41.73,-72.65,4,,TRUE,TRUE,,
KHFF,35.02,-79.5,115,,TRUE,TRUE,,
KHFJ,36.9,-94.02,401,,TRUE,TRUE,,
KHGR,39.7,-77.73,224,,,TRUE,,
KHHF,35.9,-100.4,712,,TRUE,TRUE,,
KHHG,40.85,-85.45,246,,TRUE,TRUE,,
KHHR,33.92,-118.33,18,,,TRUE,,
KHHV,26.93,-94.68,25,,TRUE,TRUE,,
KHHW,34.03,-95.55,144,,TRUE,TRUE,,
KHIB,47.38,-92.83,412,,TRUE,TRUE,,
KHIE,44.37,-71.55,318,,TRUE,TRUE,,
KHIF,41.12,-111.97,1459,,TRUE,TRUE,,
KHII,34.57,-114.37,238,,TRUE,TRUE,,
KHIO,45.55,-122.95,68,,,TRUE,,
KHJH,40.15,-97.58,447,,TRUE,TRUE,,
KHJO,36.32,-119.62,74,,TRUE,TRUE,,
KHKA,35.93,-89.83,78,,TRUE,TRUE,,
KHKS,32.33,-90.22,108,,,TRUE,,
KHKY,35.75,-81.38,354,,,TRUE,,
KHLC,39.37,-99.83,669,,TRUE,TRUE,TRUE,
KHLG,40.17,-80.65,372,,,TRUE,,
KHLN,46.6,-111.98,1182,,,TRUE,,
KHLR,31.13,-97.72,283,,TRUE,TRUE,,
KHLX,36.77,-80.82,834,,TRUE,TRUE,,
KHMN,32.85,-106.08,1248,,TRUE,TRUE,TRUE,
KHNB,38.25,-86.95,161,,TRUE,TRUE,,
KHND,35.98,-115.13,749,,,TRUE,,
KHNR,41.58,-95.33,375,,TRUE,TRUE,,
KHNZ,36.37,-78.53,161,,TRUE,TRUE,,
KHOB,32.67,-103.22,1115,,,,,
KHOE,31.05,-82.78,57,,TRUE,TRUE,,
KHON,44.38,-98.23,390,,TRUE,TRUE,,
KHOP,36.67,-87.5,174,,TRUE,TRUE,,
KHOT,34.48,-93.1,162,,TRUE,TRUE,,
KHOU,29.63,-95.28,36,TRUE,,TRUE,,
KHPN,41.07,-73.7,121,,,TRUE,,
KHQI,27.93,-93.67,26,,TRUE,TRUE,,
KHQM,46.97,-123.93,7,,TRUE,TRUE,,
KHQU,33.53,-82.52,152,,TRUE,TRUE,,
KHQZ,32.75,-96.53,136,,,,,
KHRI,45.83,-119.27,195,,TRUE,TRUE,,
KHRJ,35.38,-78.73,60,,TRUE,TRUE,,
KHRL,26.23,-97.65,10,,,TRUE,,
KHRO,36.27,-93.15,417,,TRUE,TRUE,,
KHRT,30.42,-86.67,12,,TRUE,TRUE,TRUE,
KHRX,34.87,-102.33,1154,,TRUE,TRUE,,
KHSA,30.37,-89.45,7,,,,,
KHSB,37.82,-88.55,121,,TRUE,TRUE,,
KHSE,35.23,-75.62,3,,TRUE,TRUE,,
KHSI,40.6,-98.43,591,,TRUE,TRUE,,
KHSP,37.95,-79.82,1156,,TRUE,TRUE,,
KHST,25.47,-80.37,2,,TRUE,TRUE,,
KHSV,34.65,-86.78,191,,,TRUE,,
KHTL,44.35,-84.67,351,,TRUE,TRUE,,
KHTS,38.37,-82.55,254,,,TRUE,,
KHUA,34.68,-86.68,209,,TRUE,TRUE,,
KHUF,39.45,-87.3,179,,,TRUE,,
KHUL,46.12,-67.8,150,,TRUE,TRUE,,
KHUM,29.57,-90.67,3,,,,,
KHUT,38.07,-97.87,467,,,TRUE,,
KHVN,41.27,-72.87,4,,,TRUE,,
KHVR,48.55,-109.77,787,,TRUE,TRUE,,
KHVS,34.4,-80.12,111,,TRUE,TRUE,,
KHWD,37.67,-122.12,21,,,TRUE,,
KHWO,26,-80.23,2,,,TRUE,,
KHWV,40.82,-72.87,21,,TRUE,TRUE,,
KHWY,38.58,-77.72,103,,TRUE,TRUE,,
KHXD,32.22,-80.7,6,,,,,
KHYA,41.67,-70.27,22,,,TRUE,,
KHYI,29.88,-97.87,182,,,,,
KHYR,46.02,-91.45,370,,TRUE,TRUE,,
KHYS,38.85,-99.27,609,,TRUE,TRUE,,
KHYW,33.83,-79.12,11,,TRUE,TRUE,,
KHYX,43.43,-83.87,183,,TRUE,TRUE,,
KHZE,47.28,-101.58,553,,TRUE,TRUE,,
KHZL,40.98,-76,489,,TRUE,TRUE,,
KHZR,30.72,-91.48,12,,TRUE,TRUE,,
KHZX,46.62,-93.32,374,,TRUE,TRUE,,
KHZY,41.78,-80.7,276,,TRUE,TRUE,,
KI16,37.6,-81.57,544,,TRUE,TRUE,,
KI35,36.87,-83.37,473,,TRUE,TRUE,,
KI39,37.63,-84.33,306,,TRUE,TRUE,,
KI67,39.25,-84.78,178,,TRUE,TRUE,,
KI69,39.08,-84.22,255,,TRUE,TRUE,,
KI75,41.05,-93.68,339,,TRUE,TRUE,,
KIAB,37.62,-97.27,418,,TRUE,TRUE,,
KIAD,38.93,-77.45,93,,,TRUE,,
KIAG,43.12,-78.93,182,,,TRUE,,
KIAH,30,-95.37,36,,,TRUE,,
KIBM,41.18,-103.68,1501,,TRUE,TRUE,,
KICL,40.72,-95.02,303,,TRUE,TRUE,,
KICR,43.38,-99.85,621,,TRUE,TRUE,,
KICT,37.65,-97.43,407,,,TRUE,,
KIDA,43.52,-112.07,1453,,,TRUE,,
KIDI,40.62,-79.08,429,,TRUE,TRUE,,
KIDP,37.17,-95.78,251,,TRUE,TRUE,,
KIEN,43.03,-102.52,998,,TRUE,TRUE,,
KIER,31.73,-93.1,37,,TRUE,TRUE,,
KIFA,42.47,-93.27,347,,TRUE,TRUE,,
KIFP,35.15,-114.57,212,,TRUE,TRUE,,
KIGM,35.25,-113.93,1032,,TRUE,TRUE,TRUE,
KIGQ,41.53,-87.53,188,,TRUE,TRUE,,
KIGX,35.93,-79.07,155,,TRUE,TRUE,,
KIIB,42.45,-91.95,298,,TRUE,TRUE,,
KIIY,33.78,-82.82,197,,TRUE,TRUE,,
KIJD,41.75,-72.18,75,,TRUE,TRUE,,
KIJX,39.77,-90.25,190,,TRUE,TRUE,,
KIKK,41.07,-87.85,192,,TRUE,TRUE,,
KIKT,28.52,-88.28,25,,TRUE,TRUE,,
KIKV,41.68,-93.57,275,,TRUE,TRUE,,
KIKW,43.67,-84.27,194,,TRUE,TRUE,,
KILE,31.07,-97.67,258,,TRUE,TRUE,,
KILG,39.67,-75.6,28,,,TRUE,,
KILM,34.27,-77.9,9,,,TRUE,,
KILN,39.43,-83.8,322,,TRUE,TRUE,,
KIML,40.52,-101.62,998,,TRUE,TRUE,,
KIMM,26.43,-81.4,12,,TRUE,TRUE,,
KIMS,38.75,-85.47,250,,TRUE,TRUE,,
KIMT,45.82,-88.12,349,,TRUE,TRUE,,
KIND,39.72,-86.3,241,,,TRUE,,
KINF,28.8,-82.32,15,,TRUE,TRUE,,
KINJ,32.08,-97.1,209,,TRUE,TRUE,,
KINK,31.78,-103.2,855,,TRUE,TRUE,,
KINL,48.57,-93.4,360,,TRUE,TRUE,,
KINS,36.58,-115.67,955,,TRUE,TRUE,TRUE,
KINT,36.13,-80.22,291,,,TRUE,,
KINW,35.03,-110.72,1490,,TRUE,TRUE,,
KIOB,38.05,-83.98,311,,TRUE,TRUE,,
KIOW,41.63,-91.55,198,,TRUE,TRUE,,
KIPJ,35.48,-81.17,267,,TRUE,TRUE,,
KIPL,32.83,-115.58,-17,,TRUE,TRUE,,
KIPN,28.08,-87.98,41,,TRUE,TRUE,,
KIPT,41.25,-76.92,164,,,TRUE,,
KIRK,40.1,-92.55,293,,TRUE,TRUE,,
KIRS,41.8,-85.43,282,,TRUE,TRUE,,
KISM,28.28,-81.43,25,,,,,
KISN,48.17,-103.63,579,,TRUE,TRUE,,
KISO,35.32,-77.62,29,,,TRUE,,
KISP,40.8,-73.1,43,,,TRUE,,
KISQ,45.97,-86.17,209,,TRUE,TRUE,,
KISW,44.37,-89.83,307,,TRUE,TRUE,,
KITH,42.47,-76.45,335,,,TRUE,,
KITR,39.23,-102.28,1279,,TRUE,TRUE,,
KIWA,33.3,-111.65,412,,,,,
KIWD,46.52,-90.12,375,,TRUE,TRUE,,
KIWI,43.97,-69.72,20,,TRUE,TRUE,,
KIXA,36.33,-77.63,44,,TRUE,TRUE,,
KIXD,38.82,-94.88,342,,,TRUE,,
KIYA,29.98,-92.08,5,,TRUE,TRUE,,
KIZA,34.6,-120.07,205,,TRUE,TRUE,,
KIZG,43.98,-70.95,135,,TRUE,TRUE,,
KJAC,43.62,-110.73,1961,,,,,
KJAN,32.32,-90.08,91,,,TRUE,,
KJAS,30.88,-94.03,65,,TRUE,TRUE,,
KJAX,30.5,-81.68,10,,,TRUE,,
KJBR,35.83,-90.65,79,,TRUE,TRUE,,
KJCT,30.5,-99.77,522,,TRUE,TRUE,,
KJDD,32.75,-95.5,132,,TRUE,TRUE,,
KJDN,47.33,-106.95,801,,TRUE,TRUE,,
KJEF,38.6,-92.15,168,,,TRUE,,
KJER,42.72,-114.45,1222,,TRUE,TRUE,,
KJES,31.55,-81.88,33,,TRUE,TRUE,,
KJFK,40.63,-73.77,9,,,TRUE,,
KJFX,33.9,-87.32,148,,TRUE,TRUE,,
KJFZ,37.07,-81.8,809,,TRUE,TRUE,,
KJGG,37.23,-76.72,15,,TRUE,TRUE,,
KJHN,,,,,TRUE,TRUE,,
KJHW,42.13,-79.27,525,,,TRUE,,
KJKA,30.28,-87.67,5,,TRUE,TRUE,,
KJKJ,46.83,-96.67,280,,TRUE,TRUE,,
KJKL,37.6,-83.32,416,,TRUE,TRUE,,
KJLN,37.15,-94.5,299,,,TRUE,,
KJMR,45.88,-93.27,309,,TRUE,TRUE,,
KJMS,46.93,-98.67,455,,TRUE,TRUE,,
KJNX,35.53,-78.38,50,,TRUE,TRUE,,
KJOT,41.52,-88.18,177,,TRUE,TRUE,,
KJQF,35.38,-80.72,210,,,,,
KJSO,31.87,-95.22,206,,TRUE,TRUE,,
KJST,40.32,-78.83,694,,TRUE,TRUE,,
KJSV,35.43,-94.8,161,,TRUE,TRUE,,
KJTC,34.13,-109.32,2150,,TRUE,TRUE,,
KJVL,42.62,-89.05,246,,,,,
KJVW,32.3,-90.42,76,,TRUE,TRUE,,
KJWG,35.87,-98.42,472,,TRUE,TRUE,,
KJWY,32.45,-96.92,217,,TRUE,TRUE,,
KJXI,32.7,-94.95,127,,TRUE,TRUE,,
KJXN,42.27,-84.47,305,,,TRUE,,
KJYG,43.98,-94.55,325,,TRUE,TRUE,,
KJYL,32.65,-81.6,57,,TRUE,TRUE,,
KJYM,41.92,-84.58,360,,TRUE,TRUE,,
KJYO,39.07,-77.57,119,,TRUE,TRUE,,
KJYR,40.9,-97.62,509,,TRUE,TRUE,,
KJZI,32.7,-80,6,,TRUE,TRUE,,
KKLS,46.12,-122.9,5,,,TRUE,,
KL18,33.35,-117.25,216,,TRUE,TRUE,,
KL35,34.27,-116.85,2059,,TRUE,TRUE,,
KL38,30.17,-90.93,4,,TRUE,TRUE,,
KLAA,38.07,-102.68,1119,,TRUE,TRUE,,
KLAF,40.42,-86.93,182,,,TRUE,,
KLAL,27.97,-82.02,43,,,,,
KLAM,35.87,-106.27,2179,,TRUE,TRUE,,
KLAN,42.78,-84.58,264,,,TRUE,,
KLAR,41.32,-105.67,2216,,TRUE,TRUE,,
KLAS,36.07,-115.17,636,,,TRUE,,
KLAW,34.55,-98.42,337,,,TRUE,,
KLAX,33.93,-118.38,46,,,TRUE,TRUE,
KLBB,33.67,-101.82,993,,,TRUE,,
KLBE,40.27,-79.4,361,,,,,
KLBF,41.12,-100.67,847,,TRUE,TRUE,TRUE,
KLBL,37.03,-100.97,879,,TRUE,TRUE,,
KLBT,34.6,-79.07,37,,TRUE,TRUE,,
KLBX,29.12,-95.47,6,,TRUE,TRUE,,
KLCG,42.25,-96.98,436,,TRUE,TRUE,,
KLCH,30.13,-93.22,4,,,TRUE,,
KLCI,43.57,-71.42,166,,TRUE,TRUE,,
KLCK,39.82,-82.92,227,,TRUE,TRUE,,
KLCQ,30.18,-82.58,61,,TRUE,TRUE,,
KLDJ,40.62,-74.25,7,,TRUE,TRUE,,
KLDM,43.97,-86.4,197,,TRUE,TRUE,,
KLEB,43.63,-72.3,171,,,TRUE,,
KLEE,28.82,-81.82,23,,,TRUE,,
KLEW,44.03,-70.27,88,,TRUE,TRUE,,
KLEX,38.03,-84.6,300,,,TRUE,,
KLFI,37.07,-76.37,3,,TRUE,TRUE,,
KLFK,31.23,-94.75,88,,TRUE,TRUE,,
KLFT,30.2,-92,11,,,TRUE,,
KLGA,40.78,-73.88,11,,,TRUE,TRUE,
KLGB,33.82,-118.15,10,,,TRUE,,
KLGC,33,-85.07,211,,TRUE,TRUE,,
KLGD,45.27,-118,827,,TRUE,TRUE,,
KLGU,41.78,-111.85,1355,,TRUE,TRUE,,
KLHB,30.87,-96.62,87,,TRUE,TRUE,,
KLHM,38.92,-121.35,37,,TRUE,TRUE,,
KLHQ,39.75,-82.67,260,,TRUE,TRUE,,
KLHW,31.87,-81.57,14,,TRUE,TRUE,,
KLHX,38.05,-103.52,1277,,TRUE,TRUE,,
KLHZ,36.02,-78.33,113,,TRUE,TRUE,,
KLIC,39.27,-103.67,1630,,TRUE,TRUE,,
KLIT,34.73,-92.23,79,,,TRUE,TRUE,
KLJF,45.1,-94.52,348,,TRUE,TRUE,,
KLKR,34.72,-80.85,149,,TRUE,TRUE,,
KLKU,38.02,-77.97,150,,TRUE,TRUE,,
KLKV,42.17,-120.4,1441,,,TRUE,,
KLLJ,44.52,-114.22,1536,,TRUE,TRUE,,
KLLQ,33.63,-91.75,83,,TRUE,TRUE,,
KLMO,40.17,-105.17,1541,,TRUE,TRUE,,
KLMT,42.15,-121.72,1246,,,TRUE,,
KLNC,32.58,-96.72,153,,TRUE,TRUE,,
KLND,42.82,-108.73,1694,,TRUE,TRUE,,
KLNK,40.85,-96.77,364,,,TRUE,,
KLNL,46.15,-89.22,520,,TRUE,TRUE,,
KLNN,41.67,-81.37,191,,TRUE,TRUE,,
KLNP,36.97,-82.52,817,,TRUE,TRUE,,
KLNR,43.22,-90.18,217,,TRUE,TRUE,,
KLNS,40.12,-76.3,125,,,TRUE,,
KLOL,40.07,-118.57,1189,,TRUE,TRUE,,
KLOM,40.13,-75.27,92,,TRUE,TRUE,,
KLOR,31.35,-85.75,74,,TRUE,TRUE,,
KLOT,41.6,-88.1,205,,TRUE,TRUE,,
KLOU,38.22,-85.67,164,,,TRUE,,
KLOZ,37.08,-84.07,362,,TRUE,TRUE,,
KLPC,34.67,-120.47,27,,TRUE,TRUE,,
KLPR,41.35,-82.18,241,,TRUE,TRUE,,
KLQK,34.82,-82.7,309,,TRUE,TRUE,,
KLRD,27.55,-99.47,155,,,,,
KLRF,34.92,-92.15,95,,TRUE,TRUE,,
KLRJ,42.77,-96.2,365,,TRUE,TRUE,,
KLRO,32.9,-79.78,4,,TRUE,TRUE,,
KLRU,32.27,-106.92,1358,,TRUE,TRUE,,
KLSB,32.33,-108.7,1307,,TRUE,TRUE,,
KLSE,43.88,-91.25,199,,,TRUE,,
KLSF,32.32,-84.97,71,,TRUE,TRUE,,
KLSV,36.22,-115.02,570,,TRUE,TRUE,TRUE,
KLTS,34.67,-99.27,420,,,TRUE,TRUE,
KLUA,38.67,-78.5,275,,TRUE,TRUE,,
KLUD,33.25,-97.58,319,,TRUE,TRUE,,
KLUF,33.52,-112.37,332,,TRUE,TRUE,TRUE,
KLUK,39.1,-84.42,155,,,TRUE,,
KLUM,44.9,-91.87,273,,TRUE,TRUE,,
KLUX,34.5,-81.95,213,,TRUE,TRUE,,
KLVJ,29.52,-95.25,12,,TRUE,TRUE,,
KLVK,37.7,-121.82,117,,,TRUE,,
KLVL,36.78,-77.8,100,,TRUE,TRUE,,
KLVM,45.7,-110.43,1418,,TRUE,TRUE,,
KLVN,44.63,-93.23,293,,TRUE,TRUE,,
KLVS,35.65,-105.13,2091,,TRUE,TRUE,,
KLWA,42.35,-86.25,203,,TRUE,TRUE,,
KLWB,37.87,-80.4,702,,TRUE,TRUE,,
KLWC,39.02,-95.22,253,,TRUE,TRUE,,
KLWD,40.63,-93.9,346,,TRUE,TRUE,TRUE,
KLWM,42.72,-71.13,54,,,TRUE,,
KLWS,46.37,-117.02,438,,,TRUE,,
KLWT,47.03,-109.47,1270,,TRUE,TRUE,,
KLWV,38.77,-87.6,131,,TRUE,TRUE,,
KLXL,45.95,-94.33,342,,TRUE,TRUE,,
KLXN,40.78,-99.77,734,,TRUE,TRUE,,
KLXT,38.97,-94.37,306,,TRUE,TRUE,,
KLXV,39.23,-106.32,3028,,TRUE,TRUE,,
KLXY,31.63,-96.52,166,,TRUE,TRUE,,
KLYH,37.32,-79.2,295,,,TRUE,,
KLYV,43.62,-96.22,436,,TRUE,TRUE,,
KLZU,33.98,-83.97,323,,,,,
KLZZ,31.1,-98.2,371,,TRUE,TRUE,,
KM19,35.65,-91.17,73,,TRUE,TRUE,,
KM30,37.18,-88.75,117,,TRUE,TRUE,,
KM40,33.87,-88.48,69,,TRUE,TRUE,,
KM63,32.05,-106.15,1283,,TRUE,TRUE,,
KM91,36.53,-86.92,215,,TRUE,,,
KMAF,31.95,-102.2,874,,,TRUE,,
KMAI,30.83,-85.18,32,,TRUE,TRUE,,
KMAN,43.58,-116.52,774,,TRUE,TRUE,,
KMBG,45.55,-100.42,510,,TRUE,TRUE,,
KMBL,44.27,-86.25,189,,TRUE,TRUE,,
KMBS,43.53,-84.08,202,,,TRUE,,
KMCB,31.18,-90.47,124,,TRUE,TRUE,,
KMCC,38.67,-121.4,23,,TRUE,TRUE,,
KMCD,45.85,-84.63,226,,TRUE,TRUE,,
KMCE,37.28,-120.5,47,,TRUE,TRUE,,
KMCF,27.85,-82.52,4,,TRUE,TRUE,,
KMCI,39.3,-94.73,320,,,TRUE,,
KMCJ,29.72,-95.4,69,,TRUE,TRUE,,
KMCK,40.2,-100.58,782,,TRUE,TRUE,,
KMCN,32.68,-83.65,109,,,TRUE,,
KMCO,28.42,-81.33,29,,,,,
KMCW,43.15,-93.33,369,,TRUE,TRUE,,
KMCX,40.72,-86.77,206,,TRUE,TRUE,,
KMDD,32.03,-102.1,854,,TRUE,TRUE,,
KMDH,37.78,-89.25,130,,,TRUE,,
KMDJ,28.65,-89.8,31,,TRUE,TRUE,,
KMDQ,34.87,-86.55,230,,TRUE,TRUE,,
KMDS,44.02,-97.08,524,,TRUE,TRUE,,
KMDT,40.2,-76.77,95,,,TRUE,,
KMDW,41.78,-87.75,188,,,TRUE,,
KMDZ,45.1,-90.3,448,,TRUE,TRUE,,
KMEB,34.78,-79.37,67,,TRUE,TRUE,,
KMEH,45.52,-118.42,1136,,TRUE,TRUE,,
KMEI,32.33,-88.75,89,,,TRUE,,
KMEM,35.07,-89.98,86,,,TRUE,TRUE,
KMER,37.38,-120.57,57,,,,,
KMEV,38.98,-119.75,1439,,TRUE,TRUE,,
KMFD,40.82,-82.52,395,,,TRUE,,
KMFE,26.18,-98.25,38,,,TRUE,,
KMFI,,,,,TRUE,TRUE,,
KMFR,42.38,-122.87,396,,,TRUE,,
KMFV,37.63,-75.77,15,,TRUE,TRUE,,
KMGC,41.7,-86.82,200,,TRUE,TRUE,,
KMGE,33.92,-84.52,326,,,TRUE,TRUE,
KMGG,45.23,-93.98,313,,TRUE,TRUE,,
KMGJ,41.52,-74.27,108,,TRUE,TRUE,,
KMGM,32.3,-86.4,63,,,TRUE,,
KMGN,45.43,-84.92,209,,TRUE,TRUE,,
KMGR,31.08,-83.8,90,,TRUE,TRUE,,
KMGW,39.65,-79.92,378,,,TRUE,,
KMGY,39.6,-84.23,289,,TRUE,TRUE,,
KMHE,43.77,-98.02,397,,TRUE,TRUE,,
KMHK,39.13,-96.68,317,,,TRUE,,
KMHR,38.53,-121.28,29,,,,,
KMHS,41.32,-122.32,1078,,TRUE,TRUE,,
KMHT,42.93,-71.43,81,,,TRUE,,
KMHV,35.07,-118.15,849,,TRUE,TRUE,,
KMIA,25.8,-80.28,3,,,TRUE,,
KMIB,48.42,-101.33,508,,TRUE,TRUE,TRUE,
KMIC,45.07,-93.35,265,,,TRUE,,
KMIE,40.23,-85.4,285,,,TRUE,,
KMIS,29.3,-88.85,32,,TRUE,TRUE,,
KMIV,39.37,-75.08,23,,TRUE,TRUE,,
KMIW,42.12,-92.92,296,,TRUE,TRUE,,
KMJQ,43.63,-94.97,441,,TRUE,TRUE,,
KMJX,39.93,-74.3,25,,TRUE,TRUE,,
KMKC,39.12,-94.6,227,,,TRUE,,
KMKE,42.95,-87.9,206,,,TRUE,,
KMKG,43.17,-86.23,191,,,TRUE,,
KMKJ,36.88,-81.33,780,,TRUE,TRUE,,
KMKL,35.6,-88.92,128,,,TRUE,,
KMKN,31.92,-98.6,423,,TRUE,TRUE,,
KMKO,35.65,-95.37,185,,TRUE,TRUE,,
KMKS,33.18,-80.03,23,,TRUE,TRUE,,
KMKT,44.22,-93.92,311,,TRUE,TRUE,,
KMKY,26,-81.67,2,,TRUE,TRUE,,
KMLB,28.1,-80.65,11,,,TRUE,,
KMLC,34.88,-95.78,232,,TRUE,TRUE,,
KMLE,41.2,-96.12,320,,TRUE,TRUE,,
KMLF,38.42,-113.02,1534,,TRUE,TRUE,TRUE,
KMLI,41.45,-90.52,184,,,TRUE,TRUE,
KMLJ,33.15,-83.23,117,,TRUE,TRUE,,
KMLP,47.45,-115.67,1837,,TRUE,TRUE,,
KMLS,46.43,-105.88,801,,TRUE,TRUE,,
KMLT,45.65,-68.7,123,,TRUE,TRUE,,
KMLU,32.52,-92.03,29,,,TRUE,,
KMMH,37.62,-118.82,2173,,TRUE,TRUE,,
KMMK,41.52,-72.83,31,,TRUE,TRUE,,
KMML,44.45,-95.82,359,,TRUE,TRUE,,
KMMT,33.92,-80.78,77,,,TRUE,,
KMMU,40.78,-74.42,57,,,,,
KMMV,45.2,-123.13,48,,TRUE,TRUE,,
KMNE,32.65,-93.3,85,,TRUE,TRUE,,
KMNH,39.22,-104.65,2152,,TRUE,TRUE,,
KMNI,33.58,-80.22,32,,TRUE,TRUE,,
KMNM,45.12,-87.62,191,,TRUE,TRUE,,
KMNN,40.62,-83.07,301,,TRUE,TRUE,,
KMNZ,31.67,-98.15,396,,TRUE,TRUE,,
KMOB,30.68,-88.25,63,,,TRUE,,
KMOD,37.62,-120.95,29,,,TRUE,,
KMOP,43.62,-84.73,230,,TRUE,TRUE,,
KMOR,36.18,-83.37,400,,TRUE,,,
KMOT,48.25,-101.27,519,,,TRUE,,
KMOX,45.57,-95.97,344,,TRUE,TRUE,,
KMPO,41.13,-75.38,577,,TRUE,TRUE,,
KMPV,44.2,-72.57,343,,TRUE,TRUE,,
KMPZ,40.95,-91.52,224,,TRUE,TRUE,,
KMQB,40.52,-90.65,215,,TRUE,TRUE,,
KMQE,42.22,-71.12,199,,TRUE,TRUE,,
KMQI,35.92,-75.7,4,,TRUE,TRUE,,
KMQJ,39.85,-85.9,263,,TRUE,TRUE,,
KMQS,39.98,-75.87,201,,TRUE,TRUE,,
KMQY,36.02,-86.52,166,,,TRUE,,
KMRB,39.4,-77.98,164,,,TRUE,,
KMRC,35.55,-87.18,208,,TRUE,,,
KMRF,30.37,-104.02,1481,,TRUE,TRUE,,
KMRH,34.73,-76.65,3,,TRUE,TRUE,,
KMRJ,42.88,-90.23,359,,TRUE,TRUE,,
KMRN,35.82,-81.62,387,,TRUE,TRUE,,
KMRT,40.22,-83.35,312,,TRUE,TRUE,,
KMRY,36.58,-121.85,66,,,TRUE,,
KMSL,34.75,-87.6,164,,TRUE,TRUE,,
KMSN,43.13,-89.35,261,,,TRUE,,
KMSO,46.92,-114.1,975,,,TRUE,,
KMSP,44.88,-93.23,265,,,TRUE,,
KMSS,44.93,-74.85,66,,TRUE,TRUE,,
KMSV,41.7,-74.78,428,,TRUE,TRUE,,
KMSY,30,-90.25,5,,,TRUE,,
KMTC,42.62,-82.82,177,,,,,
KMTH,24.73,-81.05,2,,TRUE,TRUE,,
KMTJ,38.5,-107.9,1750,,TRUE,TRUE,,
KMTN,39.32,-76.42,7,,,,,
KMTO,39.47,-88.27,214,,TRUE,TRUE,,
KMTP,41.07,-71.92,2,,TRUE,TRUE,,
KMTV,36.63,-80.02,287,,TRUE,TRUE,,
KMTW,44.12,-87.67,198,,TRUE,TRUE,,
KMUI,40.42,-76.57,149,,TRUE,TRUE,,
KMUO,43.03,-115.87,913,,,TRUE,,
KMUT,41.37,-91.15,167,,TRUE,TRUE,,
KMVE,44.97,-95.72,315,,TRUE,TRUE,,
KMVH,46.83,-108.93,1355,,TRUE,TRUE,,
KMVL,44.53,-72.62,234,,TRUE,TRUE,,
KMVN,38.32,-88.87,146,,TRUE,TRUE,,
KMVY,41.4,-70.62,16,,,TRUE,TRUE,
KMWA,37.77,-89.02,144,,,,,
KMWC,43.12,-88.03,227,,TRUE,,,
KMWH,47.2,-119.32,362,,,TRUE,,
KMWK,36.47,-80.55,380,,TRUE,TRUE,,
KMWL,32.78,-98.07,284,,TRUE,TRUE,,
KMWM,43.9,-95.1,430,,TRUE,TRUE,,
KMWN,44.27,-71.3,1910,,,,,
KMWO,39.53,-84.4,198,,TRUE,TRUE,,
KMWS,34.23,-118.05,1739,,,,,
KMWT,34.55,-93.58,214,,TRUE,TRUE,,
KMXF,32.37,-86.37,51,,TRUE,TRUE,,
KMXO,42.22,-91.17,259,,TRUE,TRUE,,
KMYF,32.82,-117.13,136,,,TRUE,,
KMYL,44.9,-116.1,1533,,TRUE,TRUE,,
KMYP,38.48,-106.32,3667,,TRUE,TRUE,,
KMYV,39.1,-121.57,21,,TRUE,TRUE,,
KMYZ,39.25,-96.63,319,,TRUE,TRUE,,
KMZH,46.42,-92.8,328,,TRUE,TRUE,,
KMZZ,40.48,-85.68,262,,TRUE,TRUE,,
KN03,42.6,-76.22,366,,TRUE,TRUE,,
KN38,41.73,-77.4,577,,TRUE,TRUE,,
KN60,47.65,-101.43,582,,TRUE,TRUE,,
KNAK,38.98,-76.48,2,,TRUE,TRUE,,
KNBC,32.47,-80.72,12,,,TRUE,,
KNBG,29.82,-90.02,1,,,TRUE,TRUE,
KNBT,35.02,-76.47,5,,TRUE,TRUE,TRUE,
KNCA,34.72,-77.45,8,,,TRUE,,
KNDZ,30.7,-87.02,54,,,TRUE,TRUE,
KNEW,30.05,-90.03,3,,TRUE,TRUE,,
KNFE,36.7,-76.13,5,,TRUE,TRUE,,
KNFG,33.28,-117.33,24,,,TRUE,TRUE,
KNFL,39.42,-118.7,1199,,,TRUE,,
KNFW,32.78,-97.43,198,,,TRUE,TRUE,
KNGP,27.68,-97.27,6,,,TRUE,,
KNGU,36.92,-76.27,5,,,TRUE,,
KNHK,38.27,-76.4,12,,,TRUE,,
KNID,35.67,-117.67,696,,,TRUE,TRUE,
KNIP,30.22,-81.67,7,,,TRUE,,
KNJK,32.82,-115.67,-13,,,TRUE,TRUE,
KNJM,34.67,-77.02,7,,TRUE,TRUE,TRUE,
KNKT,34.9,-76.88,9,,,TRUE,TRUE,
KNKX,32.87,-117.13,146,,,TRUE,,
KNLC,36.32,-119.95,72,,,TRUE,TRUE,
KNMM,32.53,-88.57,97,,,TRUE,TRUE,
KNOG,27.9,-98.05,78,,TRUE,TRUE,TRUE,
KNPA,30.35,-87.32,9,,,TRUE,TRUE,
KNQA,35.35,-89.87,86,,,,,
KNQI,27.5,-97.82,15,,,TRUE,TRUE,
KNQX,24.57,-81.67,2,,,TRUE,TRUE,
KNRB,30.38,-81.42,5,,,TRUE,TRUE,
KNRS,32.57,-117.12,7,,,TRUE,TRUE,
KNSE,30.73,-87.02,61,,,TRUE,TRUE,
KNSI,33.22,-119.45,154,,,TRUE,TRUE,
KNTD,34.12,-119.12,4,,,TRUE,TRUE,
KNTU,36.82,-76.02,7,,,TRUE,,
KNUC,33.02,-118.57,55,,,,,
KNUI,38.15,-76.43,7,,TRUE,TRUE,,
KNUQ,37.4,-122.05,12,,,TRUE,,
KNUW,48.35,-122.65,14,,,,,
KNXF,33.28,-117.45,27,,TRUE,TRUE,TRUE,
KNXP,34.28,-116.17,626,,,TRUE,,
KNY0,42.98,-74.33,271,,TRUE,TRUE,,
KNYC,40.78,-73.97,11,,TRUE,TRUE,TRUE,
KNYG,38.5,-77.28,4,,,TRUE,,
KNYL,32.63,-114.62,65,,,TRUE,,
KNZY,32.7,-117.22,8,,,TRUE,TRUE,
KO22,38.03,-120.42,646,,TRUE,TRUE,,
KO54,40.75,-122.92,717,,TRUE,TRUE,,
KO69,38.25,-122.6,28,,TRUE,TRUE,,
KO86,40.98,-122.7,729,,TRUE,TRUE,,
KOAJ,34.82,-77.62,29,,TRUE,TRUE,,
KOAK,37.72,-122.23,26,,,TRUE,,
KOBE,27.27,-80.85,11,,TRUE,TRUE,,
KOCF,29.17,-82.22,27,,,,,
KOCH,31.57,-94.72,108,,,TRUE,,
KOCQ,44.87,-87.92,183,,TRUE,TRUE,,
KOCW,35.57,-77.05,12,,TRUE,TRUE,,
KODO,31.92,-102.4,902,,TRUE,TRUE,,
KODX,41.62,-98.95,631,,TRUE,TRUE,,
KOEB,41.92,-85.03,292,,TRUE,TRUE,,
KOEO,45.32,-92.7,275,,TRUE,TRUE,,
KOFF,41.12,-95.92,319,,TRUE,TRUE,TRUE,
KOFK,41.98,-97.43,470,,TRUE,TRUE,,
KOFP,37.7,-77.43,62,,TRUE,TRUE,,
KOGA,41.12,-101.77,999,,TRUE,TRUE,,
KOGB,33.47,-80.85,59,,TRUE,TRUE,,
KOGD,41.2,-112.02,1353,,TRUE,TRUE,TRUE,
KOJA,35.55,-98.67,490,,TRUE,TRUE,,
KOJC,38.85,-94.73,326,,,TRUE,,
KOKB,33.22,-117.35,8,,TRUE,TRUE,,
KOKC,35.38,-97.6,390,,,TRUE,,
KOKK,40.53,-86.07,253,,TRUE,TRUE,,
KOKM,35.67,-95.95,220,,TRUE,TRUE,,
KOKV,39.13,-78.15,222,,TRUE,TRUE,,
KOKZ,32.97,-82.83,134,,TRUE,TRUE,,
KOLE,42.23,-78.37,651,,TRUE,TRUE,,
KOLF,48.1,-105.58,604,,TRUE,TRUE,,
KOLG,46.3,-91.82,336,,TRUE,TRUE,,
KOLM,46.97,-122.9,58,,,TRUE,,
KOLS,31.42,-110.85,1184,,TRUE,TRUE,,
KOLU,41.45,-97.32,440,,TRUE,TRUE,,
KOLV,34.98,-89.78,122,,,,,
KOLY,38.72,-88.18,147,,TRUE,TRUE,,
KOLZ,42.67,-91.97,328,,TRUE,TRUE,,
KOMA,41.32,-95.9,312,,,TRUE,,
KOMH,38.25,-78.05,142,,TRUE,TRUE,,
KOMK,48.47,-119.52,395,,TRUE,TRUE,,
KONA,44.07,-91.7,200,,TRUE,TRUE,,
KONL,42.47,-98.67,619,,TRUE,TRUE,,
KONM,34.02,-106.9,1410,,TRUE,TRUE,,
KONO,44.02,-117.02,667,,TRUE,TRUE,,
KONP,44.57,-124.03,48,,TRUE,TRUE,,
KONT,34.05,-117.58,274,,,TRUE,,
KONX,36.4,-76.02,5,,TRUE,TRUE,,
KONZ,42.1,-83.15,180,,TRUE,TRUE,,
KOOA,41.23,-92.5,256,,TRUE,TRUE,,
KOPF,25.92,-80.28,16,,,TRUE,,
KOPL,30.55,-92.1,23,,TRUE,TRUE,,
KOPN,32.95,-84.27,243,,TRUE,TRUE,,
KOQT,36.02,-84.23,277,,TRUE,TRUE,,
KOQU,41.6,-71.42,6,,,,,
KORB,48.02,-92.87,397,,TRUE,TRUE,,
KORC,42.97,-96.07,431,,TRUE,TRUE,,
KORD,41.98,-87.93,200,,,TRUE,,
KORE,42.57,-72.28,164,,TRUE,TRUE,,
KORF,36.9,-76.2,14,,TRUE,TRUE,,
KORG,30.07,-93.8,4,,TRUE,TRUE,,
KORH,42.27,-71.87,304,,,TRUE,,
KORL,28.55,-81.33,37,,,TRUE,,
KORS,48.7,-122.92,9,,TRUE,TRUE,,
KOSA,33.1,-94.97,111,,TRUE,TRUE,,
KOSC,44.45,-83.4,193,,TRUE,TRUE,,
KOSH,43.97,-88.55,248,,,TRUE,,
KOSU,40.08,-83.08,280,,,TRUE,,
KOTG,43.63,-95.57,480,,TRUE,TRUE,,
KOTH,43.42,-124.25,4,,,TRUE,,
KOTM,41.1,-92.45,256,,TRUE,TRUE,,
KOUN,35.25,-97.47,357,,TRUE,TRUE,,
KOVE,39.5,-121.62,58,,TRUE,TRUE,,
KOVL,44.78,-95.03,328,,TRUE,TRUE,,
KOVS,43.15,-90.68,202,,TRUE,TRUE,,
KOWA,44.12,-93.25,350,,TRUE,TRUE,,
KOWB,37.72,-87.17,124,,,TRUE,,
KOWD,42.18,-71.17,19,,,TRUE,,
KOWP,36.18,-96.15,272,,TRUE,TRUE,,
KOXB,38.32,-75.12,3,,TRUE,TRUE,,
KOXC,41.47,-73.13,222,,,,,
KOXI,41.33,-86.67,209,,TRUE,TRUE,,
KOXR,34.2,-119.2,20,,,TRUE,,
KOXV,41.28,-93.12,283,,TRUE,TRUE,,
KOZA,30.73,-101.2,726,,TRUE,TRUE,,
KOZR,31.28,-85.72,93,,TRUE,TRUE,,
KOZW,42.62,-83.97,293,,TRUE,TRUE,,
KP28,37.28,-98.55,469,,TRUE,TRUE,,
KP53,46.42,-86.65,187,,TRUE,TRUE,,
KP58,44.02,-82.8,179,,TRUE,TRUE,,
KP59,47.47,-87.88,190,,TRUE,TRUE,,
KP60,44.55,-110.42,2388,,TRUE,TRUE,,
KP68,39.6,-116,1809,,TRUE,TRUE,,
KP69,46.15,-115.6,480,,TRUE,TRUE,,
KP92,29.57,-91.53,1,,TRUE,TRUE,,
KPAE,47.92,-122.28,180,,,TRUE,,
KPAH,37.07,-88.77,119,,,TRUE,,
KPAM,30.07,-85.57,5,,,TRUE,TRUE,
KPAN,34.25,-111.33,1572,,TRUE,TRUE,,
KPAO,37.47,-122.12,2,,,,,
KPBF,34.18,-91.93,62,,TRUE,TRUE,,
KPBG,44.65,-73.47,72,,TRUE,TRUE,,
KPBH,45.7,-90.4,449,,TRUE,TRUE,,
KPBI,26.68,-80.1,6,,,TRUE,,
KPBX,37.57,-82.57,449,,TRUE,TRUE,,
KPCW,41.52,-82.87,178,,TRUE,TRUE,,
KPCZ,44.33,-89.02,252,,TRUE,TRUE,,
KPDC,43.02,-91.12,201,,TRUE,TRUE,,
KPDK,33.88,-84.3,302,,,TRUE,,
KPDT,45.7,-118.83,462,,,TRUE,,
KPDX,45.6,-122.62,7,,,TRUE,,
KPEA,41.4,-92.95,270,,TRUE,TRUE,,
KPEO,42.65,-77.05,256,,TRUE,TRUE,,
KPEQ,31.38,-103.52,797,,TRUE,TRUE,,
KPEX,45.37,-94.73,360,,TRUE,TRUE,,
KPEZ,28.95,-98.52,132,,TRUE,TRUE,,
KPGA,36.92,-111.45,1307,,TRUE,TRUE,,
KPGD,26.92,-82,7,,,TRUE,,
KPGV,35.62,-77.4,8,,TRUE,TRUE,,
KPHD,40.47,-81.42,272,,TRUE,TRUE,,
KPHF,37.13,-76.5,12,,TRUE,TRUE,,
KPHL,39.87,-75.23,18,,,TRUE,TRUE,
KPHN,42.92,-82.52,198,,TRUE,TRUE,,
KPHP,44.05,-101.6,672,,TRUE,TRUE,,
KPHT,36.33,-88.38,177,,TRUE,,,
KPHX,33.43,-112.02,336,,,TRUE,,
KPIA,40.67,-89.68,205,,,TRUE,,
KPIB,31.47,-89.32,91,,TRUE,TRUE,,
KPIE,27.92,-82.68,4,,,TRUE,,
KPIH,42.92,-112.57,1359,,,TRUE,,
KPIL,26.17,-97.33,5,,TRUE,TRUE,,
KPIR,44.38,-100.28,526,,TRUE,TRUE,,
KPIT,40.5,-80.27,357,,,TRUE,,
KPKB,39.35,-81.42,262,,,TRUE,,
KPKD,46.9,-95.07,442,,TRUE,TRUE,,
KPKV,28.65,-96.68,9,,TRUE,TRUE,,
KPLN,45.57,-84.8,217,,TRUE,TRUE,TRUE,
KPLU,47.1,-122.28,164,,TRUE,TRUE,,
KPMD,34.63,-118.08,780,,TRUE,TRUE,,
KPMP,26.25,-80.12,6,,,TRUE,,
KPMV,40.95,-95.92,367,,TRUE,TRUE,,
KPNA,42.8,-109.8,2160,,TRUE,TRUE,,
KPNC,36.73,-97.1,308,,TRUE,TRUE,,
KPNE,40.08,-75.02,28,,TRUE,TRUE,,
KPNM,45.57,-93.6,298,,TRUE,TRUE,,
KPNS,30.48,-87.18,38,,,TRUE,,
KPNT,40.92,-88.62,201,,TRUE,TRUE,,
KPOB,35.17,-79.02,66,,TRUE,TRUE,,
KPOC,34.1,-117.77,308,,,,,
KPOE,31.05,-93.2,101,,TRUE,TRUE,,
KPOF,36.77,-90.32,99,,TRUE,TRUE,,
KPOU,41.63,-73.88,46,,,TRUE,,
KPOV,41.22,-81.25,365,,TRUE,TRUE,,
KPOY,44.87,-108.8,1552,,TRUE,TRUE,,
KPPA,35.62,-101,989,,TRUE,TRUE,,
KPPF,37.33,-95.5,274,,TRUE,TRUE,,
KPPO,41.57,-86.73,248,,TRUE,TRUE,,
KPPQ,39.63,-90.78,216,,TRUE,TRUE,,
KPQL,30.47,-88.53,6,,,TRUE,,
KPQN,43.97,-96.32,529,,TRUE,TRUE,,
KPRB,35.67,-120.63,245,,TRUE,TRUE,,
KPRC,34.65,-112.42,1524,,,TRUE,TRUE,
KPRG,39.7,-87.67,199,,TRUE,TRUE,,
KPRN,31.85,-86.62,138,,TRUE,TRUE,TRUE,
KPRO,41.83,-94.17,308,,TRUE,TRUE,,
KPRS,29.63,-104.35,896,,TRUE,TRUE,,
KPRX,33.62,-95.45,167,,,TRUE,,
KPSC,46.27,-119.12,121,,,TRUE,,
KPSF,42.43,-73.28,355,,TRUE,TRUE,,
KPSK,37.12,-80.67,642,,TRUE,TRUE,,
KPSM,43.07,-70.82,31,,,TRUE,,
KPSN,31.78,-95.7,129,,TRUE,TRUE,,
KPSO,37.28,-107.05,2334,,TRUE,TRUE,,
KPSP,33.82,-116.5,135,,,TRUE,,
KPSX,28.72,-96.25,5,,TRUE,TRUE,,
KPTB,37.17,-77.52,59,,TRUE,TRUE,,
KPTK,42.67,-83.42,299,,,TRUE,,
KPTN,29.72,-91.32,3,,TRUE,TRUE,,
KPTS,37.45,-94.73,290,,TRUE,TRUE,,
KPTT,37.7,-98.75,595,,TRUE,TRUE,,
KPTV,36.02,-119.07,135,,TRUE,TRUE,,
KPTW,40.23,-75.55,92,,TRUE,TRUE,,
KPUB,38.28,-104.5,1420,,,TRUE,,
KPUC,39.62,-110.75,2091,,TRUE,TRUE,,
KPUJ,33.92,-84.93,393,,TRUE,TRUE,,
KPUW,46.75,-117.12,773,,TRUE,TRUE,,
KPVB,42.68,-90.43,313,,TRUE,TRUE,,
KPVC,42.07,-70.22,2,,,TRUE,,
KPVD,41.72,-71.43,16,,,TRUE,,
KPVE,35.65,-88.2,149,,TRUE,,,
KPVF,38.72,-120.75,789,,TRUE,TRUE,,
KPVG,36.78,-76.45,7,,TRUE,TRUE,,
KPVJ,34.72,-97.22,295,,TRUE,TRUE,,
KPVU,40.22,-111.72,1369,,,,,
KPVW,34.17,-101.72,1028,,TRUE,TRUE,,
KPWA,35.53,-97.65,397,,,TRUE,,
KPWC,46.72,-94.37,395,,TRUE,TRUE,,
KPWG,31.47,-97.32,180,,TRUE,TRUE,,
KPWK,42.12,-87.9,203,,,TRUE,,
KPWM,43.65,-70.3,15,,,TRUE,,
KPWT,47.5,-122.75,147,,TRUE,TRUE,,
KPXE,32.52,-83.77,127,,TRUE,TRUE,,
KPYM,41.92,-70.73,43,,TRUE,TRUE,,
KPYX,36.42,-100.75,889,,TRUE,TRUE,,
KPZQ,45.4,-83.82,204,,TRUE,TRUE,,
KQAJ,100.65,-1000.65,999,,,,,
KQAZ,100.65,-1000.65,999,,TRUE,,,
KQBF,100.65,-1000.65,999,,TRUE,TRUE,,
KQBL,100.65,-1000.65,999,,TRUE,TRUE,,
KQCL,100.65,-1000.65,999,,TRUE,TRUE,TRUE,
KQEI,100.65,-1000.65,999,,TRUE,TRUE,,
KQEJ,100.65,-1000.65,999,,TRUE,TRUE,,
KQEL,100.65,-1000.65,999,,TRUE,TRUE,,
KQEN,100.65,-1000.65,999,,TRUE,TRUE,,
KQEP,100.65,-1000.65,999,,TRUE,TRUE,,
KQEQ,100.65,-1000.65,999,,TRUE,TRUE,,
KQER,100.65,-1000.65,999,,TRUE,TRUE,,
KQES,100.65,-1000.65,999,,TRUE,TRUE,,
KQEV,100.65,-1000.65,999,,TRUE,TRUE,,
KQEW,100.65,-1000.65,999,,TRUE,TRUE,,
KQEX,100.65,-1000.65,999,,TRUE,TRUE,,
KQEY,100.65,-1000.65,999,,TRUE,TRUE,,
KQFG,100.65,-1000.65,999,,TRUE,TRUE,,
KQFQ,100.65,-1000.65,999,,TRUE,TRUE,TRUE,
KQFS,100.65,-1000.65,999,,TRUE,TRUE,TRUE,
KQFT,100.65,-1000.65,999,,TRUE,TRUE,,
KQFU,100.65,-1000.65,999,,TRUE,TRUE,,
KQFV,100.65,-1000.65,999,,TRUE,TRUE,,
KQFX,100.65,-1000.65,999,,TRUE,TRUE,,
KQGA,100.65,-1000.65,999,,TRUE,,,
KQGV,100.65,-1000.65,999,,,,,
KQGX,100.65,-1000.65,999,,TRUE,TRUE,TRUE,
KQHN,100.65,-1000.65,999,,,,,
KQHY,100.65,-1000.65,999,,TRUE,TRUE,,
KQIR,100.65,-1000.65,999,,,TRUE,,
KQL5,100.65,-1000.65,999,,,,,
KQLP,100.65,-1000.65,999,,TRUE,TRUE,TRUE,
KQMR,100.65,-1000.65,999,,,TRUE,,
KQND,100.65,-1000.65,999,,TRUE,TRUE,TRUE,
KQQY,100.65,-1000.65,999,,TRUE,TRUE,TRUE,
KQSA,100.65,-1000.65,999,,,TRUE,,
KQSF,100.65,-1000.65,999,,TRUE,TRUE,,
KQTC,100.65,-1000.65,999,,TRUE,TRUE,,
KQTH,100.65,-1000.65,999,,TRUE,TRUE,TRUE,
KQTM,,,,,TRUE,,,
KQTZ,100.65,-1000.65,999,,,,,
KQUD,100.65,-1000.65,999,,TRUE,TRUE,TRUE,
KQVF,100.65,-1000.65,999,,TRUE,TRUE,TRUE,
KQWM,100.65,-1000.65,999,,,,,
KQXT,100.65,-1000.65,999,,,,,
KRAC,42.77,-87.82,203,,TRUE,TRUE,,
KRAL,33.95,-117.45,252,,,TRUE,,
KRAP,44.05,-103.05,965,,,TRUE,,
KRAS,27.82,-97.08,2,,TRUE,TRUE,,
KRBD,32.68,-96.87,203,,,TRUE,,
KRBG,43.23,-123.35,154,,TRUE,TRUE,,
KRBL,40.15,-122.25,104,,TRUE,TRUE,TRUE,
KRBO,27.78,-97.68,24,,TRUE,TRUE,,
KRBW,32.92,-80.63,31,,TRUE,TRUE,,
KRCA,44.13,-103.08,999,,,TRUE,TRUE,
KRCE,35.48,-97.82,413,,TRUE,TRUE,,
KRCM,38.78,-93.8,244,,TRUE,TRUE,,
KRCR,41.07,-86.18,241,,TRUE,TRUE,,
KRCX,45.5,-91,377,,TRUE,TRUE,,
KRCZ,34.88,-79.77,109,,TRUE,TRUE,,
KRDD,40.52,-122.3,155,,,TRUE,,
KRDG,40.37,-75.97,109,,TRUE,TRUE,,
KRDK,41.02,-95.27,318,,TRUE,TRUE,,
KRDM,44.25,-121.15,938,,,TRUE,,
KRDR,47.97,-97.4,278,,TRUE,TRUE,,
KRDU,35.9,-78.78,130,,,TRUE,,
KREO,42.58,-117.87,1235,,TRUE,TRUE,,
KRFD,42.2,-89.1,221,,,TRUE,,
KRFI,32.15,-94.85,135,,TRUE,TRUE,,
KRGK,44.58,-92.48,239,,TRUE,TRUE,,
KRHI,45.63,-89.48,485,,TRUE,TRUE,,
KRHP,35.18,-83.85,518,,TRUE,TRUE,,
KRHV,37.32,-121.82,41,,,,,
KRIC,37.52,-77.32,50,,,TRUE,,
KRIL,39.53,-107.73,1678,,TRUE,TRUE,,
KRIV,33.87,-117.27,469,,TRUE,TRUE,,
KRIW,43.07,-108.47,1697,,TRUE,TRUE,,
KRKD,44.07,-69.08,17,,TRUE,TRUE,,
KRKP,28.08,-97.05,6,,TRUE,TRUE,,
KRKR,35.02,-94.62,138,,TRUE,TRUE,,
KRKS,41.6,-109.07,2060,,TRUE,TRUE,,
KRME,43.22,-75.4,154,,,TRUE,,
KRMG,34.35,-85.17,193,,TRUE,TRUE,,
KRMN,38.4,-77.45,65,,TRUE,TRUE,,
KRMY,42.23,-84.95,287,,TRUE,TRUE,,
KRNC,35.7,-85.85,315,,TRUE,,,
KRND,29.52,-98.27,232,,,TRUE,,
KRNH,45.15,-92.53,304,,TRUE,TRUE,,
KRNM,33.03,-116.92,427,,,TRUE,,
KRNO,39.5,-119.77,1342,,,TRUE,,
KRNP,43,-84.13,224,,TRUE,TRUE,,
KRNT,47.5,-122.22,21,,,TRUE,,
KRNV,33.77,-90.75,41,,TRUE,TRUE,,
KROA,37.32,-79.97,362,,,TRUE,,
KROC,43.12,-77.68,178,,,TRUE,,
KROG,36.37,-94.08,415,,,TRUE,,
KROS,45.7,-92.95,281,,TRUE,TRUE,,
KROW,33.3,-104.5,1112,,,TRUE,,
KROX,48.85,-95.7,323,,TRUE,TRUE,,
KRPD,45.42,-91.77,338,,TRUE,TRUE,,
KRPH,33.12,-98.55,342,,TRUE,TRUE,,
KRPJ,41.88,-89.08,238,,TRUE,TRUE,,
KRQB,43.72,-85.5,302,,TRUE,TRUE,,
KRQE,35.65,-109.07,2055,,TRUE,TRUE,,
KRQO,35.47,-98,432,,TRUE,TRUE,,
KRRL,45.2,-89.72,401,,TRUE,TRUE,,
KRRT,48.93,-95.33,327,,TRUE,TRUE,,
KRSL,38.87,-98.82,567,,TRUE,TRUE,,
KRSN,32.52,-92.58,95,,TRUE,TRUE,,
KRSP,39.65,-77.47,561,,TRUE,TRUE,TRUE,
KRST,43.9,-92.5,403,,,TRUE,,
KRSV,39.02,-87.65,141,,TRUE,TRUE,,
KRSW,26.53,-81.75,10,,,TRUE,,
KRTN,36.73,-104.5,1936,,TRUE,TRUE,,
KRTS,39.67,-119.88,1540,,TRUE,TRUE,,
KRUE,35.25,-93.1,115,,TRUE,TRUE,,
KRUG,48.38,-100.02,472,,TRUE,TRUE,,
KRUQ,35.65,-80.52,236,,TRUE,TRUE,,
KRUT,43.52,-72.95,240,,,TRUE,,
KRVS,36.05,-95.98,200,,,TRUE,,
KRWF,44.55,-95.08,311,,TRUE,TRUE,,
KRWI,35.85,-77.9,47,,TRUE,TRUE,,
KRWL,41.78,-107.2,2077,,TRUE,TRUE,,
KRWV,30.52,-96.7,119,,TRUE,TRUE,,
KRXE,43.83,-111.8,1480,,TRUE,TRUE,,
KRYN,32.15,-111.17,737,,,,,
KRYT,39.73,-77.43,274,,TRUE,TRUE,TRUE,
KRYV,43.17,-88.72,254,,TRUE,TRUE,,
KRYW,30.5,-97.97,376,,TRUE,TRUE,,
KRYY,34.02,-84.6,317,,,,,
KRZL,40.95,-87.18,213,,TRUE,TRUE,,
KRZN,45.82,-92.37,301,,TRUE,TRUE,,
KRZR,35.22,-84.8,263,,TRUE,,,
KRZT,39.43,-83.02,221,,TRUE,TRUE,,
KS25,47.8,-103.25,644,,TRUE,TRUE,,
KS39,44.28,-120.9,991,,TRUE,TRUE,,
KSAA,41.45,-106.83,2138,,TRUE,TRUE,,
KSAC,38.5,-121.5,11,,,TRUE,TRUE,
KSAD,32.85,-109.63,962,,TRUE,TRUE,,
KSAF,35.62,-106.1,1930,,,TRUE,,
KSAN,32.73,-117.18,12,,,TRUE,,
KSAR,38.15,-89.7,164,,TRUE,TRUE,,
KSAT,29.53,-98.47,243,,,TRUE,,
KSAV,32.12,-81.2,14,,,TRUE,,
KSAW,46.35,-87.4,372,,,,,
KSAZ,46.37,-94.8,392,,TRUE,TRUE,,
KSBA,34.43,-119.85,3,,,TRUE,,
KSBD,34.08,-117.25,353,,,,,
KSBM,43.78,-87.85,232,,TRUE,TRUE,,
KSBN,41.7,-86.32,237,,,TRUE,,
KSBO,32.62,-82.37,100,,TRUE,TRUE,,
KSBP,35.23,-120.63,59,,,TRUE,,
KSBS,40.52,-106.87,2096,,TRUE,TRUE,,
KSBY,38.33,-75.5,19,,,TRUE,,
KSCD,33.17,-86.3,173,,TRUE,TRUE,,
KSCH,42.85,-73.92,115,,,,,
KSCK,37.88,-121.22,10,,,TRUE,,
KSDA,40.75,-95.42,296,,TRUE,TRUE,,
KSDB,34.75,-118.72,1377,,TRUE,TRUE,TRUE,
KSDF,38.18,-85.73,146,,,TRUE,,
KSDL,33.62,-111.92,447,,,TRUE,,
KSDM,32.58,-117,159,,TRUE,TRUE,TRUE,
KSDY,47.7,-104.2,605,,TRUE,TRUE,,
KSEA,47.45,-122.32,136,,,TRUE,,
KSEE,32.82,-116.97,117,,TRUE,TRUE,,
KSEG,40.82,-76.87,134,,TRUE,TRUE,,
KSEM,32.35,-86.98,51,,TRUE,TRUE,,
KSEP,32.22,-98.17,402,,TRUE,TRUE,,
KSET,38.93,-90.43,134,,TRUE,TRUE,,
KSEZ,34.85,-111.78,1473,,TRUE,TRUE,,
KSFB,28.77,-81.22,17,,,TRUE,,
KSFF,47.68,-117.32,609,,,TRUE,,
KSFM,43.38,-70.72,74,,TRUE,TRUE,,
KSFO,37.62,-122.37,3,,,TRUE,,
KSFQ,36.68,-76.6,22,,TRUE,TRUE,,
KSFY,42.05,-90.12,188,,TRUE,TRUE,,
KSFZ,41.92,-71.5,134,,,TRUE,,
KSGF,37.23,-93.38,390,,,TRUE,,
KSGH,39.83,-83.83,321,,TRUE,TRUE,,
KSGJ,29.97,-81.32,3,,,TRUE,,
KSGR,29.62,-95.65,2,,,TRUE,,
KSGS,44.87,-93.03,250,,TRUE,TRUE,,
KSGT,34.6,-91.57,68,,TRUE,TRUE,,
KSGU,37.07,-113.52,896,,TRUE,TRUE,,
KSHD,38.27,-78.9,366,,TRUE,TRUE,,
KSHL,43.22,-95.82,432,,TRUE,TRUE,,
KSHM,38.8,-104.52,1900,,TRUE,TRUE,,
KSHN,47.23,-123.13,82,,TRUE,TRUE,,
KSHR,44.77,-106.97,1202,,TRUE,TRUE,,
KSHV,32.45,-93.83,83,,,TRUE,,
KSIF,36.43,-79.85,211,,TRUE,TRUE,,
KSIY,41.77,-122.47,807,,TRUE,TRUE,,
KSJC,37.37,-121.92,24,,,TRUE,,
KSJN,34.52,-109.38,1745,,TRUE,TRUE,,
KSJS,37.75,-82.63,372,,TRUE,TRUE,,
KSJT,31.37,-100.5,576,,,TRUE,,
KSJX,45.7,-85.57,204,,TRUE,TRUE,,
KSKA,47.62,-117.65,750,,TRUE,TRUE,,
KSKF,29.37,-98.57,210,,TRUE,TRUE,TRUE,
KSKX,36.45,-105.67,2161,,TRUE,TRUE,,
KSLB,42.6,-95.22,454,,TRUE,TRUE,,
KSLC,40.77,-111.97,1286,,,TRUE,,
KSLE,44.9,-123,59,,,TRUE,,
KSLG,36.2,-94.47,300,,TRUE,TRUE,,
KSLH,45.65,-84.52,195,,TRUE,TRUE,,
KSLI,33.77,-118.03,11,,,TRUE,,
KSLK,44.4,-74.2,498,,TRUE,TRUE,,
KSLN,38.78,-97.65,385,,,TRUE,,
KSLO,38.65,-88.97,175,,TRUE,TRUE,,
KSLR,33.17,-95.62,149,,TRUE,TRUE,,
KSME,37.05,-84.62,283,,TRUE,TRUE,,
KSMF,38.7,-121.6,6,,,TRUE,,
KSMN,45.12,-113.87,1233,,TRUE,TRUE,,
KSMO,34.02,-118.45,57,,,TRUE,TRUE,
KSMQ,40.62,-74.67,30,,TRUE,TRUE,,
KSMS,34,-80.37,56,,TRUE,TRUE,,
KSMX,34.9,-120.45,74,,,TRUE,,
KSNA,33.67,-117.87,16,,,TRUE,,
KSNC,41.38,-72.5,127,,TRUE,TRUE,,
KSNH,35.17,-88.22,144,,TRUE,,,
KSNK,32.7,-100.95,741,,TRUE,TRUE,,
KSNL,35.35,-96.95,327,,TRUE,TRUE,,
KSNS,36.67,-121.6,30,,,TRUE,,
KSNT,44.17,-114.93,1980,,TRUE,TRUE,,
KSNY,41.1,-102.98,1307,,TRUE,TRUE,,
KSOA,30.58,-100.65,652,,TRUE,TRUE,,
KSOP,35.22,-79.4,141,,TRUE,TRUE,,
KSOW,34.27,-110,1954,,TRUE,TRUE,,
KSPB,45.77,-122.87,14,,TRUE,TRUE,,
KSPD,37.28,-102.62,1335,,TRUE,TRUE,,
KSPF,44.47,-103.77,1188,,TRUE,TRUE,,
KSPG,27.77,-82.63,2,,,TRUE,,
KSPI,39.85,-89.68,181,,,TRUE,,
KSPL,26.07,-97.15,4,,TRUE,TRUE,,
KSPR,28.6,-91.2,31,,TRUE,TRUE,,
KSPS,33.98,-98.5,308,,,TRUE,,
KSPW,43.17,-95.22,403,,TRUE,TRUE,,
KSQE,28.07,-90.82,0,,TRUE,TRUE,,
KSQI,41.75,-89.67,197,,TRUE,TRUE,,
KSQL,37.52,-122.25,1,,,,,
KSRB,36.05,-85.53,313,,TRUE,,,
KSRC,35.22,-91.73,80,,TRUE,TRUE,,
KSRQ,27.4,-82.57,18,,,TRUE,,
KSRR,33.47,-105.52,2076,,TRUE,TRUE,,
KSSC,33.97,-80.47,74,,TRUE,TRUE,TRUE,
KSSF,29.33,-98.47,176,,,TRUE,,
KSSI,31.15,-81.38,6,,TRUE,TRUE,,
KSTC,45.55,-94.05,314,,,TRUE,,
KSTE,44.55,-89.53,338,,TRUE,TRUE,,
KSTF,33.43,-88.85,102,,TRUE,TRUE,,
KSTJ,39.77,-94.92,247,,,TRUE,TRUE,
KSTK,40.62,-103.27,1231,,TRUE,TRUE,,
KSTL,38.75,-90.37,171,,,TRUE,,
KSTP,44.93,-93.05,219,,,TRUE,,
KSTS,38.5,-122.82,39,,,TRUE,,
KSUE,44.85,-87.42,221,,TRUE,TRUE,,
KSUN,43.5,-114.28,1620,,,,,
KSUS,38.65,-90.65,141,,,TRUE,,
KSUT,33.93,-78.08,8,,TRUE,TRUE,,
KSUU,38.27,-121.92,19,,TRUE,TRUE,TRUE,
KSUW,46.68,-92.1,206,,TRUE,TRUE,,
KSUX,42.38,-96.38,338,,,TRUE,,
KSVC,32.63,-108.15,1659,,TRUE,TRUE,,
KSVH,35.75,-80.95,294,,TRUE,TRUE,,
KSVN,32.02,-81.15,13,,TRUE,TRUE,,
KSWF,41.5,-74.08,150,,,,,
KSWO,36.17,-97.08,290,,,TRUE,,
KSWW,32.47,-100.47,727,,TRUE,TRUE,,
KSXS,31.37,-85.85,122,,TRUE,TRUE,,
KSXT,42.6,-123.37,1170,,TRUE,TRUE,,
KSYF,39.77,-101.8,1025,,TRUE,TRUE,,
KSYI,35.57,-86.45,245,,TRUE,,,
KSYM,38.22,-83.58,313,,TRUE,TRUE,,
KSYN,44.47,-93.02,280,,TRUE,TRUE,,
KSYR,43.12,-76.1,127,,,TRUE,,
KSZL,38.72,-93.53,265,,TRUE,TRUE,TRUE,
KSZT,48.3,-116.57,648,,TRUE,TRUE,,
KT20,29.52,-97.47,108,,TRUE,TRUE,,
KT35,30.88,-96.97,123,,TRUE,TRUE,,
KT65,26.18,-97.97,21,,TRUE,TRUE,,
KT82,30.25,-98.92,517,,TRUE,TRUE,,
KTAD,37.27,-104.33,1756,,TRUE,TRUE,,
KTAN,41.88,-71.02,7,,TRUE,TRUE,,
KTAZ,39.53,-89.33,190,,TRUE,TRUE,,
KTBN,37.72,-92.12,353,,TRUE,TRUE,,
KTBR,32.48,-81.73,57,,TRUE,TRUE,,
KTBX,43.47,-108.23,2225,,TRUE,TRUE,,
KTCC,35.18,-103.6,1235,,TRUE,TRUE,,
KTCL,33.22,-87.62,49,,,TRUE,,
KTCM,47.12,-122.47,98,,TRUE,TRUE,TRUE,
KTCS,33.23,-107.27,1469,,TRUE,TRUE,,
KTDF,36.28,-78.98,186,,TRUE,TRUE,,
KTDZ,41.57,-83.48,189,,TRUE,TRUE,,
KTEB,40.87,-74.05,7,,,TRUE,,
KTEW,42.57,-84.42,280,,TRUE,TRUE,,
KTEX,37.95,-107.9,2769,,TRUE,TRUE,,
KTFP,27.92,-97.22,6,,TRUE,TRUE,,
KTGI,37.82,-75.98,2,,TRUE,TRUE,,
KTHA,35.38,-86.25,331,,TRUE,,,
KTHV,39.92,-76.88,144,,TRUE,TRUE,,
KTIF,41.97,-100.57,892,,TRUE,TRUE,,
KTIK,35.42,-97.37,394,,TRUE,TRUE,,
KTIP,40.28,-88.15,225,,TRUE,TRUE,,
KTIW,47.27,-122.58,89,,,TRUE,,
KTIX,28.5,-80.8,11,,,,,
KTKC,44.25,-95.62,408,,TRUE,TRUE,,
KTKI,33.18,-96.58,179,,,TRUE,,
KTKV,45.47,-89.82,453,,TRUE,TRUE,,
KTLH,30.4,-84.35,19,,,TRUE,TRUE,
KTMA,31.43,-83.48,109,,TRUE,TRUE,,
KTMB,25.65,-80.43,2,,,TRUE,,
KTME,29.8,-95.9,51,,TRUE,TRUE,,
KTMK,45.42,-123.82,11,,TRUE,TRUE,,
KTNB,36.2,-81.65,911,,TRUE,TRUE,,
KTNU,41.67,-93.02,290,,TRUE,TRUE,,
KTOA,33.78,-118.32,31,,,,,
KTOB,44.02,-92.82,398,,TRUE,TRUE,,
KTOC,34.6,-83.3,304,,TRUE,TRUE,,
KTOI,31.85,-86.02,118,,TRUE,TRUE,,
KTOL,41.58,-83.8,210,,,TRUE,,
KTOP,39.07,-95.63,268,,,TRUE,,
KTOR,42.07,-104.15,1277,,TRUE,TRUE,,
KTPA,27.97,-82.53,11,,,TRUE,,
KTPF,27.92,-82.45,3,,TRUE,TRUE,,
KTPH,38.05,-117.08,1652,,TRUE,TRUE,,
KTPL,31.13,-97.4,208,,TRUE,TRUE,,
KTQE,41.77,-96.18,312,,TRUE,TRUE,,
KTQH,35.93,-95,266,,TRUE,TRUE,,
KTRI,36.48,-82.4,474,,,TRUE,,
KTRK,39.32,-120.12,1798,,,,,
KTRL,32.72,-96.27,145,,TRUE,TRUE,TRUE,
KTRM,33.63,-116.17,-35,,TRUE,TRUE,,
KTSP,35.13,-118.43,1220,,TRUE,TRUE,,
KTTA,35.58,-79.1,75,,TRUE,TRUE,,
KTTD,45.55,-122.42,14,,,TRUE,,
KTTF,41.93,-83.42,188,,TRUE,TRUE,,
KTTN,40.28,-74.82,59,,,TRUE,,
KTTS,28.62,-80.72,3,,TRUE,TRUE,,
KTUL,36.2,-95.88,207,,,TRUE,,
KTUP,34.27,-88.77,105,,,TRUE,,
KTUS,32.13,-110.95,776,,,TRUE,TRUE,
KTVC,44.73,-85.57,190,,,TRUE,,
KTVF,48.07,-96.17,340,,TRUE,TRUE,,
KTVI,30.9,-83.88,80,,TRUE,TRUE,,
KTVK,40.68,-92.9,314,,TRUE,TRUE,,
KTVL,38.9,-120,1924,,TRUE,TRUE,,
KTVR,32.35,-91.03,26,,TRUE,TRUE,,
KTWF,42.48,-114.48,1266,,,TRUE,,
KTWM,47.03,-91.75,328,,TRUE,TRUE,,
KTXK,33.45,-93.98,111,,,TRUE,,
KTYQ,40.03,-86.25,281,,TRUE,TRUE,,
KTYR,32.37,-95.4,165,,,TRUE,,
KTYS,35.82,-83.98,302,,,TRUE,,
KTZR,39.9,-83.13,276,,,,,
KU16,41.05,-113.07,1292,,TRUE,TRUE,TRUE,
KU68,44.92,-108.45,1247,,TRUE,TRUE,,
KUAO,45.25,-122.77,59,,TRUE,TRUE,,
KUBE,45.5,-91.98,379,,TRUE,TRUE,,
KUCP,41.03,-80.42,327,,TRUE,TRUE,TRUE,
KUCY,36.38,-88.98,104,,TRUE,,,
KUDG,34.45,-79.88,59,,TRUE,TRUE,,
KUES,43.05,-88.25,278,,,,,
KUGN,42.42,-87.87,222,,,TRUE,,
KUIL,47.93,-124.55,54,,TRUE,TRUE,,
KUIN,39.95,-91.2,234,,TRUE,TRUE,,
KUKF,36.22,-81.1,396,,TRUE,TRUE,,
KUKI,39.12,-123.2,187,,TRUE,TRUE,,
KULM,44.32,-94.5,308,,TRUE,TRUE,,
KUNI,39.22,-82.23,193,,TRUE,TRUE,,
KUNO,36.88,-91.9,372,,TRUE,TRUE,,
KUNU,43.42,-88.7,285,,TRUE,TRUE,,
KUNV,40.85,-77.83,378,,,,,
KUOX,34.38,-89.53,137,,TRUE,TRUE,,
KUSE,41.62,-84.13,238,,TRUE,TRUE,,
KUTA,34.68,-90.35,59,,TRUE,TRUE,,
KUTS,30.75,-95.58,104,,TRUE,TRUE,,
KUUU,41.53,-71.28,51,,TRUE,TRUE,,
KUVA,29.22,-99.75,287,,TRUE,TRUE,,
KUXL,30.13,-93.38,4,,TRUE,TRUE,,
KUYF,39.93,-83.47,330,,TRUE,TRUE,,
KUZA,34.98,-81.05,202,,TRUE,TRUE,,
KVAD,30.97,-83.2,71,,TRUE,TRUE,TRUE,
KVAF,27.35,-94.63,46,,TRUE,TRUE,,
KVAY,39.93,-74.83,15,,TRUE,TRUE,,
KVBG,34.73,-120.58,112,,,TRUE,TRUE,
KVBS,29.48,-93.63,31,,TRUE,TRUE,,
KVBT,36.35,-94.22,395,,TRUE,TRUE,,
KVBW,38.37,-78.97,355,,TRUE,TRUE,,
KVCB,38.38,-121.95,33,,TRUE,TRUE,,
KVCT,28.87,-96.93,31,,,TRUE,,
KVCV,34.58,-117.38,876,,TRUE,TRUE,,
KVDF,28.02,-82.33,7,,TRUE,TRUE,,
KVDI,32.2,-82.37,84,,TRUE,TRUE,,
KVEL,40.45,-109.52,1604,,TRUE,TRUE,,
KVER,38.95,-92.68,218,,TRUE,TRUE,,
KVGT,36.22,-115.2,671,,,TRUE,,
KVIH,38.13,-91.77,333,,TRUE,TRUE,,
KVIS,36.32,-119.4,89,,TRUE,TRUE,,
KVJI,36.67,-82.02,631,,TRUE,TRUE,,
KVKS,,,,,TRUE,TRUE,,
KVKY,29.25,-88.43,32,,TRUE,TRUE,,
KVLD,30.78,-83.27,62,,,TRUE,,
KVLL,42.55,-83.18,222,,TRUE,TRUE,,
KVNC,27.07,-82.43,6,,TRUE,TRUE,,
KVNY,34.22,-118.48,245,,,TRUE,,
KVOA,29.23,-87.78,53,,TRUE,TRUE,,
KVOK,43.92,-90.27,277,,,TRUE,,
KVPC,34.13,-84.85,222,,TRUE,TRUE,,
KVPS,30.47,-86.52,26,,,TRUE,TRUE,
KVPZ,41.45,-87,231,,TRUE,TRUE,,
KVQQ,30.22,-81.88,25,,,,,
KVQT,28.27,-92.27,25,,TRUE,TRUE,,
KVRB,27.65,-80.42,10,,,TRUE,,
KVSF,43.35,-72.52,175,,TRUE,TRUE,,
KVSH,29.95,-90.07,0,,TRUE,TRUE,,
KVTA,40.02,-82.47,268,,TRUE,TRUE,,
KVTI,42.22,-92.02,255,,TRUE,TRUE,,
KVTN,42.87,-100.55,788,,TRUE,TRUE,,
KVTP,37.5,-105.17,3114,,TRUE,TRUE,,
KVUJ,35.42,-80.15,186,,TRUE,TRUE,,
KVUO,45.62,-122.65,8,,TRUE,TRUE,,
KVVG,28.95,-81.97,27,,TRUE,TRUE,,
KVVV,45.3,-96.42,335,,TRUE,TRUE,,
KVWU,48.15,-94.52,360,,TRUE,TRUE,,
KVYS,41.35,-89.15,199,,TRUE,TRUE,,
KW13,38.08,-78.95,443,,TRUE,TRUE,,
KW22,39,-80.27,499,,TRUE,TRUE,,
KW29,38.98,-76.33,15,,TRUE,TRUE,,
KW31,36.95,-78.18,162,,TRUE,TRUE,,
KW63,36.6,-78.55,129,,TRUE,TRUE,,
KW75,37.6,-76.45,9,,TRUE,TRUE,,
KW78,36.68,-78.85,129,,TRUE,TRUE,,
KW81,37.18,-78.1,129,,TRUE,TRUE,,
KW96,37.5,-77.12,37,,TRUE,TRUE,,
KW99,39,-79.15,293,,TRUE,TRUE,,
KWAL,37.93,-75.47,14,,,TRUE,,
KWDG,36.37,-97.77,356,,,,,
KWDR,33.98,-83.67,287,,TRUE,TRUE,,
KWHP,34.25,-118.42,306,,,,,
KWJF,34.72,-118.22,715,,,TRUE,,
KWLD,37.17,-97.03,350,,TRUE,TRUE,,
KWMC,40.9,-117.8,1310,,TRUE,TRUE,,
KWRB,32.62,-83.58,90,,TRUE,TRUE,,
KWRI,40.02,-74.58,41,,,TRUE,,
KWRL,43.97,-107.95,1271,,TRUE,TRUE,,
KWST,41.35,-71.8,21,,TRUE,TRUE,,
KWVI,36.93,-121.78,43,,TRUE,TRUE,,
KWVL,44.52,-69.67,101,,,TRUE,,
KWWD,39.02,-74.92,7,,TRUE,TRUE,,
KWWR,36.45,-99.52,667,,TRUE,TRUE,,
KXBP,33.18,-97.83,260,,TRUE,TRUE,,
KXIH,29.18,-94.52,75,,TRUE,TRUE,,
KXLL,40.57,-75.48,122,,TRUE,TRUE,,
KXMR,28.47,-80.57,3,,TRUE,TRUE,,
KXNA,36.28,-94.3,392,,,TRUE,,
KXPY,29.12,-90.2,2,,TRUE,TRUE,,
KXSA,37.87,-76.9,42,,TRUE,TRUE,,
KXVG,46.98,-94.2,407,,TRUE,TRUE,,
KY19,46.77,-100.9,593,,TRUE,TRUE,,
KY23,45.3,-91.63,322,,TRUE,TRUE,,
KY49,47.13,-94.65,416,,TRUE,TRUE,,
KY50,44.03,-89.3,262,,TRUE,TRUE,,
KY51,43.58,-90.9,394,,TRUE,TRUE,,
KY63,45.98,-96,367,,TRUE,TRUE,,
KY70,42.93,-85.07,250,,TRUE,TRUE,,
KYIP,42.23,-83.53,215,,TRUE,TRUE,,
KYKM,46.57,-120.53,324,,,TRUE,,
KYKN,42.92,-97.37,398,,TRUE,TRUE,,
KYNG,41.25,-80.67,360,TRUE,,TRUE,,
KZPH,28.23,-82.15,26,,TRUE,TRUE,,
KZZV,39.95,-81.9,268,,TRUE,TRUE,,
PAAD,70.13,-146.28,8,,TRUE,TRUE,,
PAAK,52.22,-174.2,17,,,TRUE,,
PAAP,56.23,-134.65,6,,,,,
PAAQ,61.6,-149.08,73,,,TRUE,,
PABA,70.13,-143.58,2,,TRUE,TRUE,,
PABE,60.78,-161.85,41,,,TRUE,,
PABI,64,-145.73,386,,,TRUE,,
PABL,65.98,-161.15,7,,TRUE,TRUE,,
PABR,71.28,-156.8,7,,,TRUE,,
PABT,66.92,-151.52,195,,,TRUE,,
PABV,61.42,-149.52,29,,TRUE,TRUE,,
PACD,55.2,-162.72,30,,,TRUE,,
PACM,61.85,-165.57,4,,TRUE,TRUE,TRUE,
PACV,60.5,-145.5,12,,,TRUE,,
PACZ,61.78,-166.03,146,,TRUE,TRUE,,
PADE,66.07,-162.77,5,,TRUE,TRUE,,
PADG,68.03,-162.9,297,,,,,
PADK,51.88,-176.65,4,,TRUE,TRUE,,
PADL,59.05,-158.52,26,,,,,
PADM,61.87,-162.03,31,,TRUE,TRUE,TRUE,
PADQ,57.75,-152.5,34,,,TRUE,,
PADU,53.9,-166.53,4,,,TRUE,,
PAEC,62.88,-149.83,381,,,,,
PAED,61.25,-149.8,59,,TRUE,TRUE,,
PAEG,64.78,-141.15,268,,TRUE,TRUE,,
PAEH,58.65,-162.07,161,,TRUE,TRUE,,
PAEI,64.67,-147.1,167,,,TRUE,TRUE,
PAEL,58.2,-136.35,3,TRUE,,,,
PAEM,62.77,-164.52,3,,TRUE,TRUE,,
PAEN,60.57,-151.25,27,,,TRUE,,
PAFA,64.8,-147.88,132,,,TRUE,,
PAFB,64.83,-147.62,137,,,,,
PAFE,56.97,-133.92,9,,TRUE,TRUE,,
PAFS,63.02,-154.35,126,,TRUE,TRUE,TRUE,
PAGA,64.73,-156.93,46,,TRUE,TRUE,,
PAGK,62.15,-145.45,481,,TRUE,TRUE,,
PAGL,64.55,-163.03,8,,TRUE,TRUE,,
PAGM,63.77,-171.73,8,,TRUE,TRUE,,
PAGN,57.5,-134.58,2,,TRUE,TRUE,TRUE,
PAGS,58.42,-135.73,9,,TRUE,TRUE,,
PAGY,59.47,-135.3,5,,TRUE,TRUE,,
PAHC,62.18,-159.78,21,,TRUE,TRUE,TRUE,
PAHL,65.7,-156.35,65,,TRUE,TRUE,,
PAHN,59.25,-135.52,5,,TRUE,TRUE,,
PAHO,59.63,-151.5,28,,,TRUE,,
PAHP,61.53,-166.15,5,,TRUE,TRUE,,
PAHX,62.7,-159.57,24,,TRUE,TRUE,,
PAHY,55.2,-132.83,1,,TRUE,TRUE,,
PAIG,59.32,-155.9,28,,TRUE,TRUE,TRUE,
PAII,58.18,-157.38,30,,TRUE,TRUE,,
PAIK,66.98,-160.43,51,,TRUE,TRUE,,
PAIL,59.75,-154.92,49,,,TRUE,,
PAIM,66,-153.7,389,,TRUE,TRUE,,
PAIN,63.73,-148.92,524,,TRUE,TRUE,,
PAIW,65.62,-168.1,7,,TRUE,TRUE,,
PAJC,56.32,-158.37,15,,TRUE,TRUE,,
PAJN,58.37,-134.58,5,,,TRUE,TRUE,
PAJZ,59.73,-157.27,82,,TRUE,TRUE,TRUE,
PAKF,54.85,-163.42,6,,TRUE,TRUE,TRUE,
PAKH,56.93,-154.18,14,,TRUE,TRUE,TRUE,
PAKI,59.93,-164.03,4,,TRUE,TRUE,TRUE,
PAKK,64.93,-161.15,47,,TRUE,TRUE,,
PAKN,58.68,-156.65,17,,,TRUE,,
PAKP,68.13,-151.73,642,,TRUE,TRUE,,
PAKT,55.35,-131.7,28,,,TRUE,,
PAKU,70.32,-149.58,2,,,,,
PAKV,64.33,-158.75,61,,TRUE,TRUE,,
PAKW,55.58,-133.07,15,,TRUE,TRUE,,
PALG,61.53,-160.33,17,,TRUE,TRUE,TRUE,
PALH,61.18,-149.97,22,,,TRUE,,
PALJ,60.2,-154.3,81,,,,,
PALP,70.33,-150.93,5,,,,,
PALU,68.88,-166.13,3,,TRUE,TRUE,,
PAMB,58.98,-159.05,16,,TRUE,TRUE,TRUE,
PAMC,62.97,-155.62,103,,,TRUE,,
PAMD,59.43,-146.3,14,,,TRUE,,
PAMH,63.9,-152.32,214,,TRUE,TRUE,,
PAMK,63.48,-162.12,28,,TRUE,TRUE,TRUE,
PAMM,55.13,-131.58,1,,TRUE,TRUE,,
PAMO,62.1,-163.68,103,,TRUE,TRUE,TRUE,
PAMR,61.22,-149.85,41,,,TRUE,,
PAMY,60.37,-166.27,13,,TRUE,TRUE,,
PANA,60.68,-161.98,5,,TRUE,TRUE,,
PANC,61.17,-150.02,38,,,TRUE,TRUE,
PANI,61.58,-159.53,26,,,TRUE,,
PANN,64.55,-149.08,110,,TRUE,TRUE,,
PANT,55.03,-131.57,36,,,TRUE,,
PANV,62.65,-160.18,99,,TRUE,TRUE,,
PANW,59.45,-157.37,92,,TRUE,TRUE,TRUE,
PAOH,58.1,-135.45,9,,TRUE,TRUE,TRUE,
PAOM,64.5,-165.43,11,,,TRUE,,
PAOO,60.53,-165.12,18,,TRUE,TRUE,TRUE,
PAOR,62.97,-141.93,523,,,TRUE,,
PAOT,66.87,-162.58,3,,,TRUE,,
PAOU,56,-161.17,4,,TRUE,TRUE,TRUE,
PAPB,56.58,-169.67,35,,TRUE,TRUE,,
PAPG,56.82,-132.97,15,,,TRUE,,
PAPH,56.95,-158.62,29,,TRUE,TRUE,,
PAPM,59.02,-161.82,5,,TRUE,TRUE,TRUE,
PAPN,57.58,-157.57,18,,TRUE,TRUE,TRUE,
PAPO,68.35,-166.8,6,,TRUE,TRUE,,
PAPT,62.1,-152.72,558,,,,,
PAQH,59.75,-161.85,13,,TRUE,TRUE,,
PAQT,70.22,-151,12,,TRUE,,,
PARC,68.12,-145.58,636,,TRUE,TRUE,,
PARS,61.77,-161.32,16,,TRUE,TRUE,TRUE,
PART,,,,,,,,
PARY,64.73,-155.47,199,,TRUE,TRUE,TRUE,
PASA,63.68,-170.5,16,,TRUE,TRUE,,
PASC,70.2,-148.47,15,,,TRUE,,
PASD,55.33,-160.5,7,,,TRUE,,
PASH,66.27,-166.08,2,,,,,
PASI,57.07,-135.35,5,,,TRUE,,
PASK,66.6,-160,8,,TRUE,TRUE,,
PASL,61.72,-157.15,55,,TRUE,TRUE,,
PASM,62.07,-163.3,92,,TRUE,TRUE,,
PASN,57.15,-170.22,29,,,TRUE,,
PASO,59.45,-151.7,9,,TRUE,TRUE,,
PASV,61.1,-155.57,484,,TRUE,TRUE,,
PASY,52.72,174.12,31,,TRUE,TRUE,,
PATA,65.17,-152.1,67,,,TRUE,TRUE,
PATC,65.57,-167.92,83,,TRUE,TRUE,,
PATE,65.23,-166.33,90,,TRUE,TRUE,,
PATG,59.05,-160.38,4,,TRUE,TRUE,,
PATK,62.3,-150.1,109,,,TRUE,TRUE,
PATL,62.9,-155.97,294,,TRUE,TRUE,,
PATO,60.78,-148.85,31,,TRUE,TRUE,,
PATQ,70.47,-157.43,29,,TRUE,TRUE,TRUE,
PAUN,63.88,-160.8,6,,TRUE,TRUE,,
PAUT,54.15,-165.6,25,,TRUE,TRUE,,
PAVA,61.53,-165.6,23,,TRUE,TRUE,,
PAVC,55.12,-162.27,47,,TRUE,TRUE,TRUE,
PAVD,61.13,-146.25,37,,,TRUE,,
PAVL,67.73,-164.55,3,,TRUE,TRUE,,
PAWD,60.12,-149.42,23,,TRUE,TRUE,,
PAWG,56.48,-132.37,11,,,TRUE,,
PAWI,70.62,-159.85,27,,TRUE,,,
PAWM,64.68,-163.42,82,,TRUE,TRUE,,
PAWN,67.57,-162.98,30,,TRUE,TRUE,,
PAWS,61.57,-149.53,107,,TRUE,TRUE,,
PAYA,59.52,-139.67,11,,,TRUE,,
PAZK,61.93,-147.17,1003,,TRUE,TRUE,,
PFCL,58.83,-158.53,24,,TRUE,TRUE,,
PFEL,64.62,-162.27,49,,TRUE,TRUE,,
PFKT,65.33,-166.47,9,,TRUE,TRUE,,
PFKW,60.8,-161.43,8,,TRUE,TRUE,,
PFNO,66.82,-161.02,17,,TRUE,TRUE,,
PFSH,64.37,-161.22,7,,TRUE,TRUE,,
PFWS,58.7,-157,49,,TRUE,TRUE,,
PFYU,66.57,-145.27,131,,,TRUE,,
PGSN,15.12,145.72,65,,,TRUE,TRUE,
PGUA,13.57,144.92,187,,TRUE,TRUE,TRUE,
PGUM,13.48,144.8,91,,,TRUE,TRUE,
PGWT,14.98,145.62,82,,,,,
PHBK,22.03,-159.78,8,,TRUE,TRUE,,
PHHI,21.48,-158.05,255,,TRUE,TRUE,TRUE,
PHJH,20.97,-156.67,78,,,,,
PHJR,21.32,-158.07,15,,,TRUE,,
PHKO,19.73,-156.05,27,,,TRUE,TRUE,
PHLI,21.97,-159.33,45,,,TRUE,,
PHMK,21.15,-157.1,141,,,TRUE,,
PHNG,21.43,-157.77,3,,,TRUE,TRUE,
PHNL,21.33,-157.92,4,,,TRUE,,
PHNY,20.77,-156.93,399,,TRUE,TRUE,TRUE,
PHOG,20.9,-156.43,12,,,TRUE,,
PHSF,19.77,-155.55,1887,,TRUE,TRUE,TRUE,
PHTO,19.72,-155.05,12,,,TRUE,TRUE,
PKMR,7.08,171.38,4,,,,,
PKWA,8.72,167.72,8,,TRUE,TRUE,,
PMDY,28.22,-177.37,4,,TRUE,TRUE,TRUE,
PPIT,60.9,-162.43,4,,TRUE,TRUE,,
PPIZ,69.73,-163,8,,TRUE,TRUE,TRUE,
PTKK,7.47,151.85,2,,,,,
PTTP,6.97,158.22,2,,,,,
PTYA,9.48,138.08,17,,,,,
PWAK,19.28,166.65,4,,TRUE,TRUE,TRUE,
